loan_id,customer_id,loan_amount,loan_intent,interest_rate,loan_term_months,grade,dti_ratio,loan_status,application_date
LOAN-000001,CUST-000001,"$7,030.62",EDUCATION,12.36,24,C,0.3649,Late (16-30 days),2023-01-02
LOAN-000002,CUST-000002,"$26,682.36",EDUCATION,12.30,60,C,0.2606,Current,2022-11-07
LOAN-000003,CUST-000003,"$3,573.76",HOMEIMPROVEMENT,12.99,36,C,0.1688,Late (16-30 days),2022-03-29
LOAN-000004,CUST-000004,"$6,282.03",HOMEIMPROVEMENT,13.61,12,C,0.3308,Fully Paid,2023-02-14
LOAN-000005,CUST-000005,"$3,245.50",DEBTCONSOLIDATION,12.35,36,C,0.1310,Fully Paid,2022-11-17
LOAN-000006,CUST-000006,"$24,838.95",PERSONAL,16.13,36,D,0.2280,Late (31-120 days),2022-04-04
LOAN-000007,CUST-000007,"$15,371.52",DEBTCONSOLIDATION,14.86,24,D,0.1871,Charged Off / Default,2022-05-06
LOAN-000008,CUST-000008,"$7,311.14",MEDICAL,11.79,24,C,0.2037,Current,2022-12-30
LOAN-000009,CUST-000009,"$22,223.08",MEDICAL,12.89,36,C,0.1565,Late (31-120 days),2023-02-10
LOAN-000010,CUST-000009,"$38,729.19",EDUCATION,13.97,60,C,0.3241,Fully Paid,2022-11-07
LOAN-000011,CUST-000010,"$11,037.13",EDUCATION,14.84,36,D,0.1909,Fully Paid,2023-01-17
LOAN-000012,CUST-000010,"$9,681.32",HOMEIMPROVEMENT,15.03,12,D,0.3995,Current,2023-02-10
LOAN-000013,CUST-000011,"$7,187.03",HOMEIMPROVEMENT,15.31,60,D,0.2978,Late (31-120 days),2022-05-28
LOAN-000014,CUST-000011,"$2,202.64",MEDICAL,14.72,36,D,0.2185,Fully Paid,2022-04-27
LOAN-000015,CUST-000012,"$10,282.62",MEDICAL,9.81,48,B,0.2359,Current,2022-12-03
LOAN-000016,CUST-000013,"$10,858.13",PERSONAL,7.61,24,A,0.3493,Current,2023-01-28
LOAN-000017,CUST-000014,"$11,546.24",MEDICAL,12.75,60,C,0.1665,Fully Paid,2023-04-19
LOAN-000018,CUST-000014,"$11,605.46",DEBTCONSOLIDATION,12.97,36,C,0.3197,Late (31-120 days),2023-03-29
LOAN-000019,CUST-000015,"$16,893.44",EDUCATION,8.82,36,B,0.2709,Fully Paid,2022-09-19
LOAN-000020,CUST-000015,"$17,770.63",MEDICAL,7.02,48,A,0.1841,Current,2022-08-24
LOAN-000021,CUST-000016,"$12,742.41",EDUCATION,9.46,12,B,0.3211,Current,2022-09-14
LOAN-000022,CUST-000016,"$22,410.59",DEBTCONSOLIDATION,11.38,12,B,0.5844,Fully Paid,2022-09-06
LOAN-000023,CUST-000017,"$10,397.91",VENTURE,11.88,48,C,0.2673,Current,2022-08-28
LOAN-000024,CUST-000017,"$4,781.96",VENTURE,13.21,48,C,0.1199,Current,2022-08-07
LOAN-000025,CUST-000018,"$3,423.76",EDUCATION,12.57,36,C,0.1496,Current,2023-01-30
LOAN-000026,CUST-000019,"$10,387.72",PERSONAL,11.67,60,C,0.1770,Fully Paid,2022-03-24
LOAN-000027,CUST-000020,"$15,367.01",MEDICAL,8.61,36,B,0.1949,Fully Paid,2022-05-18
LOAN-000028,CUST-000020,"$2,080.88",VENTURE,8.31,24,A,0.1555,Fully Paid,2022-05-25
LOAN-000029,CUST-000021,"$4,130.07",EDUCATION,15.08,24,D,0.3058,Current,2022-11-05
LOAN-000030,CUST-000021,"$3,651.83",HOMEIMPROVEMENT,13.84,60,C,0.1188,Late (31-120 days),2022-12-27
LOAN-000031,CUST-000022,"$3,122.29",PERSONAL,12.34,48,C,0.2246,Current,2022-08-16
LOAN-000032,CUST-000022,"$9,248.83",DEBTCONSOLIDATION,11.50,48,C,0.2900,Current,2022-07-11
LOAN-000033,CUST-000023,"$7,643.44",DEBTCONSOLIDATION,6.76,12,A,0.3452,Current,2022-09-30
LOAN-000034,CUST-000024,"$16,882.67",DEBTCONSOLIDATION,9.54,48,B,0.1955,Current,2022-11-07
LOAN-000035,CUST-000024,"$16,458.15",VENTURE,9.36,60,B,0.3286,Late (16-30 days),2022-10-21
LOAN-000036,CUST-000025,"$14,372.28",HOMEIMPROVEMENT,15.78,36,D,0.2104,Late (31-120 days),2022-08-28
LOAN-000037,CUST-000026,"$10,092.06",EDUCATION,13.67,48,C,0.1945,Current,2022-04-23
LOAN-000038,CUST-000026,"$17,856.62",HOMEIMPROVEMENT,14.20,36,C,0.1781,Fully Paid,2022-02-07
LOAN-000039,CUST-000027,"$9,455.32",MEDICAL,9.13,12,B,0.1991,Fully Paid,2023-02-26
LOAN-000040,CUST-000027,"$29,126.20",HOMEIMPROVEMENT,11.20,60,B,0.2940,Fully Paid,2022-12-16
LOAN-000041,CUST-000028,"$6,149.81",DEBTCONSOLIDATION,12.92,12,C,0.3032,Current,2022-11-05
LOAN-000042,CUST-000029,"$37,981.65",PERSONAL,11.17,60,B,0.1679,Late (16-30 days),2023-01-18
LOAN-000043,CUST-000030,"$7,598.31",MEDICAL,13.03,48,C,0.1361,Fully Paid,2022-02-25
LOAN-000044,CUST-000031,"$20,318.01",MEDICAL,8.47,36,A,0.3488,Current,2022-06-22
LOAN-000045,CUST-000032,"$3,295.67",MEDICAL,10.44,36,B,0.0907,Late (16-30 days),2023-01-06
LOAN-000046,CUST-000033,"$29,773.97",EDUCATION,7.41,12,A,0.2801,Current,2022-12-25
LOAN-000047,CUST-000034,"$2,978.29",PERSONAL,13.66,36,C,0.2479,Current,2022-10-07
LOAN-000048,CUST-000034,"$9,642.80",VENTURE,12.30,36,C,0.2759,Current,2022-09-03
LOAN-000049,CUST-000035,"$6,747.28",DEBTCONSOLIDATION,13.10,24,C,0.3311,Current,2023-02-21
LOAN-000050,CUST-000035,"$4,418.70",HOMEIMPROVEMENT,13.22,36,C,0.2126,Late (16-30 days),2022-12-04
LOAN-000051,CUST-000036,"$36,219.40",EDUCATION,14.73,24,D,0.3286,Fully Paid,2022-07-15
LOAN-000052,CUST-000036,"$12,472.40",EDUCATION,15.93,36,D,0.1724,Fully Paid,2022-09-15
LOAN-000053,CUST-000037,"$7,519.03",PERSONAL,14.56,24,D,0.3413,Current,2022-08-13
LOAN-000054,CUST-000038,"$5,161.33",EDUCATION,15.30,24,D,0.3129,Fully Paid,2022-10-10
LOAN-000055,CUST-000039,"$9,072.12",PERSONAL,13.94,12,C,0.6126,Fully Paid,2022-05-12
LOAN-000056,CUST-000039,"$4,294.94",EDUCATION,17.62,24,E,0.3133,Current,2022-05-26
LOAN-000057,CUST-000040,"$16,224.05",HOMEIMPROVEMENT,11.90,12,C,0.6211,Current,2022-08-17
LOAN-000058,CUST-000040,"$15,549.00",VENTURE,12.32,60,C,0.3198,Current,2022-10-05
LOAN-000059,CUST-000041,"$9,616.44",PERSONAL,7.74,48,A,0.2229,Fully Paid,2022-04-12
LOAN-000060,CUST-000042,"$8,566.53",VENTURE,5.50,24,A,0.2104,Current,2023-01-29
LOAN-000061,CUST-000043,"$7,402.12",EDUCATION,7.92,60,A,0.2786,Fully Paid,2023-03-08
LOAN-000062,CUST-000044,"$11,204.27",MEDICAL,6.16,12,A,0.4296,Current,2023-03-06
LOAN-000063,CUST-000044,"$9,006.60",VENTURE,7.68,48,A,0.3086,Current,2023-02-26
LOAN-000064,CUST-000045,"$31,651.01",EDUCATION,5.50,48,A,0.3120,Current,2022-08-23
LOAN-000065,CUST-000045,"$27,722.23",HOMEIMPROVEMENT,5.50,60,A,0.1309,Fully Paid,2022-09-27
LOAN-000066,CUST-000046,"$9,426.77",VENTURE,9.44,60,B,0.2383,Late (16-30 days),2022-09-13
LOAN-000067,CUST-000046,"$10,301.86",VENTURE,12.62,60,C,0.2496,Current,2022-09-21
LOAN-000068,CUST-000047,"$2,682.62",HOMEIMPROVEMENT,12.61,60,C,0.2600,Fully Paid,2022-07-28
LOAN-000069,CUST-000048,"$8,163.71",VENTURE,12.33,36,C,0.1837,Late (31-120 days),2023-02-02
LOAN-000070,CUST-000048,"$20,589.48",MEDICAL,16.24,24,D,0.2896,Late (31-120 days),2022-12-21
LOAN-000071,CUST-000049,"$19,921.09",PERSONAL,8.88,48,B,0.3218,Current,2022-11-14
LOAN-000072,CUST-000050,"$29,274.25",HOMEIMPROVEMENT,11.67,36,C,0.1805,Late (16-30 days),2023-01-26
LOAN-000073,CUST-000051,"$2,681.56",PERSONAL,12.79,36,C,0.2478,Fully Paid,2022-06-18
LOAN-000074,CUST-000052,"$10,306.75",MEDICAL,12.12,24,C,0.2526,Current,2022-11-02
LOAN-000075,CUST-000052,"$3,971.24",PERSONAL,13.83,60,C,0.2385,Current,2022-11-26
LOAN-000076,CUST-000053,"$16,904.01",PERSONAL,13.87,48,C,0.2982,Fully Paid,2022-04-27
LOAN-000077,CUST-000054,"$5,572.68",EDUCATION,9.89,24,B,0.1773,Current,2022-06-19
LOAN-000078,CUST-000054,"$28,841.29",EDUCATION,10.75,12,B,0.5600,Current,2022-07-08
LOAN-000079,CUST-000055,"$10,824.74",MEDICAL,12.56,12,C,0.5341,Current,2022-05-15
LOAN-000080,CUST-000056,"$9,786.03",HOMEIMPROVEMENT,10.95,36,B,0.3333,Current,2022-12-18
LOAN-000081,CUST-000056,"$10,060.94",EDUCATION,11.89,36,C,0.2930,Fully Paid,2022-12-17
LOAN-000082,CUST-000057,"$5,805.93",PERSONAL,7.26,60,A,0.1739,Current,2022-05-15
LOAN-000083,CUST-000057,"$12,630.46",VENTURE,8.27,36,A,0.3457,Fully Paid,2022-04-25
LOAN-000084,CUST-000058,"$6,585.41",EDUCATION,21.70,60,F,0.1566,Late (31-120 days),2022-09-05
LOAN-000085,CUST-000058,"$3,159.00",VENTURE,20.07,24,E,0.2407,Charged Off / Default,2022-09-30
LOAN-000086,CUST-000059,"$4,701.79",VENTURE,13.31,36,C,0.2429,Late (31-120 days),2022-02-12
LOAN-000087,CUST-000059,"$4,294.24",MEDICAL,16.95,12,D,0.2354,Charged Off / Default,2022-03-20
LOAN-000088,CUST-000060,"$7,434.82",HOMEIMPROVEMENT,11.73,48,C,0.2261,Current,2022-09-05
LOAN-000089,CUST-000060,"$10,036.40",EDUCATION,6.82,36,A,0.2727,Current,2022-08-06
LOAN-000090,CUST-000061,"$30,110.57",HOMEIMPROVEMENT,12.01,12,C,0.5411,Fully Paid,2022-12-15
LOAN-000091,CUST-000061,"$16,858.87",VENTURE,9.69,12,B,0.3499,Current,2022-12-27
LOAN-000092,CUST-000062,"$17,348.60",DEBTCONSOLIDATION,10.67,60,B,0.2948,Current,2022-11-17
LOAN-000093,CUST-000062,"$4,002.35",DEBTCONSOLIDATION,12.86,24,C,0.2378,Fully Paid,2023-01-24
LOAN-000094,CUST-000063,"$8,088.95",PERSONAL,14.53,36,D,0.1890,Charged Off / Default,2022-05-24
LOAN-000095,CUST-000063,"$11,939.13",VENTURE,17.88,36,E,0.2025,Fully Paid,2022-06-18
LOAN-000096,CUST-000064,"$9,229.20",PERSONAL,8.46,60,A,0.3104,Fully Paid,2022-12-02
LOAN-000097,CUST-000064,"$5,750.91",HOMEIMPROVEMENT,7.78,48,A,0.2381,Current,2022-12-04
LOAN-000098,CUST-000065,"$30,482.30",PERSONAL,14.84,12,D,0.5169,Fully Paid,2022-06-15
LOAN-000099,CUST-000066,"$8,287.34",DEBTCONSOLIDATION,12.41,60,C,0.1844,Fully Paid,2022-12-08
LOAN-000100,CUST-000066,"$2,171.60",EDUCATION,12.91,24,C,0.2340,Late (16-30 days),2022-11-16
LOAN-000101,CUST-000067,"$10,740.17",DEBTCONSOLIDATION,9.82,48,B,0.2496,Fully Paid,2023-01-11
LOAN-000102,CUST-000068,"$25,734.32",VENTURE,13.87,12,C,0.4772,Late (31-120 days),2022-03-31
LOAN-000103,CUST-000069,"$6,720.57",EDUCATION,11.53,12,C,0.1743,Current,2022-08-27
LOAN-000104,CUST-000070,"$8,546.30",MEDICAL,12.78,36,C,0.1747,Fully Paid,2022-04-22
LOAN-000105,CUST-000071,"$12,107.18",PERSONAL,8.10,24,A,0.2068,Current,2022-11-29
LOAN-000106,CUST-000072,"$11,088.63",DEBTCONSOLIDATION,10.09,60,B,0.1281,Fully Paid,2022-07-12
LOAN-000107,CUST-000073,"$28,647.34",DEBTCONSOLIDATION,10.82,48,B,0.1545,Current,2022-12-29
LOAN-000108,CUST-000073,"$2,867.19",DEBTCONSOLIDATION,9.48,12,B,0.1785,Fully Paid,2022-11-02
LOAN-000109,CUST-000074,"$21,550.06",EDUCATION,17.71,24,E,0.3374,Charged Off / Default,2022-08-12
LOAN-000110,CUST-000075,"$5,144.30",EDUCATION,8.76,36,B,0.2764,Late (16-30 days),2023-02-09
LOAN-000111,CUST-000075,"$6,064.44",VENTURE,10.95,36,B,0.1029,Fully Paid,2023-02-17
LOAN-000112,CUST-000076,"$2,102.61",VENTURE,13.07,36,C,0.2124,Current,2022-07-06
LOAN-000113,CUST-000076,"$19,777.17",VENTURE,11.89,60,C,0.1296,Fully Paid,2022-07-10
LOAN-000114,CUST-000077,"$3,841.57",MEDICAL,12.12,48,C,0.0741,Fully Paid,2022-08-01
LOAN-000115,CUST-000077,"$22,889.41",PERSONAL,16.79,24,D,0.2538,Fully Paid,2022-07-23
LOAN-000116,CUST-000078,"$10,458.59",MEDICAL,13.21,60,C,0.1387,Fully Paid,2022-09-30
LOAN-000117,CUST-000078,"$3,021.13",MEDICAL,10.06,48,B,0.2254,Fully Paid,2022-11-19
LOAN-000118,CUST-000079,"$6,256.89",EDUCATION,9.16,24,B,0.2778,Late (16-30 days),2023-01-15
LOAN-000119,CUST-000079,"$13,179.64",DEBTCONSOLIDATION,8.58,36,B,0.3563,Fully Paid,2022-12-24
LOAN-000120,CUST-000080,"$21,406.31",PERSONAL,9.71,60,B,0.1186,Current,2022-11-10
LOAN-000121,CUST-000080,"$17,001.87",MEDICAL,8.18,36,A,0.2581,Current,2022-09-18
LOAN-000122,CUST-000081,"$3,873.50",DEBTCONSOLIDATION,15.03,12,D,0.2703,Late (16-30 days),2022-03-24
LOAN-000123,CUST-000081,"$6,027.46",VENTURE,14.48,48,C,0.1186,Late (16-30 days),2022-03-25
LOAN-000124,CUST-000082,"$6,476.51",VENTURE,11.80,60,C,0.2687,Current,2022-06-25
LOAN-000125,CUST-000083,"$4,345.90",HOMEIMPROVEMENT,10.85,24,B,0.3238,Fully Paid,2022-07-25
LOAN-000126,CUST-000084,"$34,420.71",HOMEIMPROVEMENT,12.76,48,C,0.1868,Fully Paid,2022-04-16
LOAN-000127,CUST-000084,"$26,223.62",EDUCATION,11.09,48,B,0.2701,Current,2022-05-03
LOAN-000128,CUST-000085,"$5,529.11",HOMEIMPROVEMENT,12.58,60,C,0.2715,Current,2022-04-15
LOAN-000129,CUST-000086,"$13,386.16",PERSONAL,13.24,12,C,0.4706,Current,2022-10-19
LOAN-000130,CUST-000087,"$11,775.58",PERSONAL,8.74,36,B,0.2741,Fully Paid,2023-01-07
LOAN-000131,CUST-000087,"$16,167.50",PERSONAL,10.20,12,B,0.5016,Fully Paid,2022-12-25
LOAN-000132,CUST-000088,"$24,732.70",PERSONAL,10.01,36,B,0.3504,Fully Paid,2022-06-28
LOAN-000133,CUST-000088,"$4,688.66",VENTURE,8.06,48,A,0.0744,Current,2022-07-07
LOAN-000134,CUST-000089,"$16,205.02",HOMEIMPROVEMENT,14.29,48,C,0.2897,Late (31-120 days),2022-07-16
LOAN-000135,CUST-000090,"$3,424.40",MEDICAL,13.23,36,C,0.2944,Fully Paid,2022-05-29
LOAN-000136,CUST-000090,"$5,957.73",DEBTCONSOLIDATION,11.88,48,C,0.3062,Fully Paid,2022-04-20
LOAN-000137,CUST-000091,"$16,253.60",PERSONAL,12.41,24,C,0.2231,Current,2022-04-08
LOAN-000138,CUST-000092,"$26,690.59",PERSONAL,9.92,36,B,0.1687,Current,2022-08-20
LOAN-000139,CUST-000093,"$6,322.17",MEDICAL,11.60,36,C,0.1530,Fully Paid,2023-03-11
LOAN-000140,CUST-000093,"$27,669.82",VENTURE,10.83,12,B,0.4749,Current,2023-03-12
LOAN-000141,CUST-000094,"$4,472.99",PERSONAL,12.83,24,C,0.2010,Late (16-30 days),2022-08-11
LOAN-000142,CUST-000094,"$4,668.91",EDUCATION,12.50,12,C,0.3364,Fully Paid,2022-07-31
LOAN-000143,CUST-000095,"$18,637.94",PERSONAL,17.36,48,D,0.2441,Fully Paid,2023-02-05
LOAN-000144,CUST-000095,"$15,004.50",DEBTCONSOLIDATION,17.09,24,D,0.2429,Fully Paid,2023-01-08
LOAN-000145,CUST-000096,"$8,475.30",HOMEIMPROVEMENT,17.06,24,D,0.2959,Fully Paid,2022-12-21
LOAN-000146,CUST-000096,"$17,293.86",MEDICAL,15.97,24,D,0.3809,Charged Off / Default,2023-03-20
LOAN-000147,CUST-000097,"$35,505.83",EDUCATION,12.35,60,C,0.2196,Late (16-30 days),2022-03-05
LOAN-000148,CUST-000098,"$3,544.03",VENTURE,13.48,48,C,0.2579,Fully Paid,2023-03-31
LOAN-000149,CUST-000099,"$8,784.91",DEBTCONSOLIDATION,9.39,48,B,0.2746,Fully Paid,2022-08-24
LOAN-000150,CUST-000099,"$4,531.83",VENTURE,8.59,60,B,0.2735,Current,2022-10-15
LOAN-000151,CUST-000100,"$26,636.78",HOMEIMPROVEMENT,16.49,48,D,0.1609,Late (31-120 days),2022-09-25
LOAN-000152,CUST-000100,"$14,506.15",DEBTCONSOLIDATION,14.57,12,D,0.3316,Fully Paid,2022-10-01
LOAN-000153,CUST-000101,"$12,982.08",VENTURE,9.47,12,B,0.3840,Fully Paid,2022-11-23
LOAN-000154,CUST-000102,"$6,130.42",PERSONAL,9.92,36,B,0.2075,Fully Paid,2022-05-29
LOAN-000155,CUST-000103,"$3,090.04",MEDICAL,11.07,24,B,0.1907,Current,2022-03-16
LOAN-000156,CUST-000104,"$4,406.14",EDUCATION,6.25,60,A,0.0830,Current,2022-12-10
LOAN-000157,CUST-000104,"$3,414.65",DEBTCONSOLIDATION,5.50,60,A,0.0781,Current,2023-01-16
LOAN-000158,CUST-000105,"$16,298.48",PERSONAL,9.59,48,B,0.2895,Current,2022-12-09
LOAN-000159,CUST-000106,"$27,940.75",HOMEIMPROVEMENT,14.23,36,C,0.2680,Late (31-120 days),2022-04-02
LOAN-000160,CUST-000107,"$26,989.09",DEBTCONSOLIDATION,11.92,48,C,0.2352,Late (16-30 days),2022-04-19
LOAN-000161,CUST-000107,"$26,350.18",HOMEIMPROVEMENT,10.67,48,B,0.1680,Current,2022-02-05
LOAN-000162,CUST-000108,"$11,062.08",MEDICAL,17.99,24,E,0.2799,Fully Paid,2023-01-15
LOAN-000163,CUST-000109,"$7,422.43",PERSONAL,10.42,48,B,0.3281,Fully Paid,2022-11-24
LOAN-000164,CUST-000110,"$18,384.37",MEDICAL,10.18,36,B,0.2757,Current,2022-03-29
LOAN-000165,CUST-000110,"$15,358.22",DEBTCONSOLIDATION,10.44,24,B,0.3288,Late (16-30 days),2022-05-03
LOAN-000166,CUST-000111,"$10,221.15",DEBTCONSOLIDATION,17.49,48,D,0.2350,Late (31-120 days),2022-09-30
LOAN-000167,CUST-000111,"$11,721.73",VENTURE,17.09,24,D,0.3103,Late (31-120 days),2022-10-21
LOAN-000168,CUST-000112,"$2,668.34",EDUCATION,14.32,36,C,0.1747,Current,2022-12-07
LOAN-000169,CUST-000113,"$9,823.92",MEDICAL,11.73,48,C,0.2101,Current,2022-12-29
LOAN-000170,CUST-000114,"$6,199.78",MEDICAL,6.09,24,A,0.1298,Current,2023-01-02
LOAN-000171,CUST-000115,"$4,858.43",VENTURE,14.54,60,D,0.0796,Fully Paid,2022-11-16
LOAN-000172,CUST-000115,"$6,874.06",DEBTCONSOLIDATION,10.92,36,B,0.3158,Current,2022-12-16
LOAN-000173,CUST-000116,"$4,228.60",HOMEIMPROVEMENT,12.44,36,C,0.0966,Current,2022-08-11
LOAN-000174,CUST-000116,"$11,566.50",DEBTCONSOLIDATION,9.69,60,B,0.2701,Late (16-30 days),2022-05-24
LOAN-000175,CUST-000117,"$6,029.50",HOMEIMPROVEMENT,12.66,24,C,0.2139,Charged Off / Default,2023-02-01
LOAN-000176,CUST-000118,"$15,127.62",PERSONAL,9.23,48,B,0.1405,Fully Paid,2022-07-01
LOAN-000177,CUST-000118,"$7,198.56",VENTURE,6.66,24,A,0.2569,Current,2022-08-15
LOAN-000178,CUST-000119,"$16,284.56",PERSONAL,9.83,12,B,0.3907,Fully Paid,2022-05-07
LOAN-000179,CUST-000119,"$15,814.07",PERSONAL,10.77,48,B,0.2116,Fully Paid,2022-03-21
LOAN-000180,CUST-000120,"$5,872.98",MEDICAL,10.03,24,B,0.3699,Fully Paid,2022-06-12
LOAN-000181,CUST-000120,"$4,318.33",DEBTCONSOLIDATION,11.70,24,C,0.3443,Fully Paid,2022-08-31
LOAN-000182,CUST-000121,"$2,213.52",DEBTCONSOLIDATION,11.59,24,C,0.2673,Late (16-30 days),2022-04-19
LOAN-000183,CUST-000121,"$5,551.82",MEDICAL,14.29,60,C,0.2479,Current,2022-06-09
LOAN-000184,CUST-000122,"$10,542.22",HOMEIMPROVEMENT,7.75,60,A,0.2888,Fully Paid,2022-12-18
LOAN-000185,CUST-000123,"$6,796.29",HOMEIMPROVEMENT,10.17,24,B,0.2356,Current,2022-10-22
LOAN-000186,CUST-000123,"$7,106.41",MEDICAL,12.44,48,C,0.2548,Fully Paid,2022-12-05
LOAN-000187,CUST-000124,"$14,556.16",PERSONAL,15.06,12,D,0.5523,Fully Paid,2022-06-27
LOAN-000188,CUST-000125,"$2,246.11",EDUCATION,15.06,48,D,0.2649,Fully Paid,2022-04-30
LOAN-000189,CUST-000125,"$12,496.68",HOMEIMPROVEMENT,15.81,12,D,0.5379,Late (31-120 days),2022-03-12
LOAN-000190,CUST-000126,"$12,889.69",PERSONAL,15.14,48,D,0.2152,Late (31-120 days),2022-11-07
LOAN-000191,CUST-000126,"$13,570.38",HOMEIMPROVEMENT,17.39,12,D,0.3776,Late (31-120 days),2022-11-24
LOAN-000192,CUST-000127,"$6,914.56",MEDICAL,13.44,12,C,0.2174,Fully Paid,2022-05-24
LOAN-000193,CUST-000128,"$5,444.18",HOMEIMPROVEMENT,14.92,24,D,0.1637,Late (31-120 days),2022-10-10
LOAN-000194,CUST-000128,"$4,279.18",DEBTCONSOLIDATION,14.02,48,C,0.1628,Late (31-120 days),2022-11-03
LOAN-000195,CUST-000129,"$18,901.89",PERSONAL,9.96,12,B,0.4536,Fully Paid,2023-01-21
LOAN-000196,CUST-000129,"$15,563.33",VENTURE,8.10,36,A,0.1808,Fully Paid,2022-11-11
LOAN-000197,CUST-000130,"$7,112.63",HOMEIMPROVEMENT,14.32,60,C,0.1805,Fully Paid,2022-11-01
LOAN-000198,CUST-000130,"$8,599.51",VENTURE,15.50,36,D,0.2136,Fully Paid,2022-11-28
LOAN-000199,CUST-000131,"$4,217.38",DEBTCONSOLIDATION,14.77,60,D,0.1892,Current,2022-11-28
LOAN-000200,CUST-000132,"$10,709.22",MEDICAL,17.14,60,D,0.1057,Current,2022-05-19
LOAN-000201,CUST-000132,"$6,551.53",MEDICAL,14.75,60,D,0.2501,Fully Paid,2022-03-22
LOAN-000202,CUST-000133,"$2,203.95",EDUCATION,15.28,60,D,0.2057,Fully Paid,2022-07-10
LOAN-000203,CUST-000134,"$25,560.81",HOMEIMPROVEMENT,15.17,36,D,0.2372,Current,2022-09-07
LOAN-000204,CUST-000135,"$10,380.71",MEDICAL,8.72,24,B,0.3194,Fully Paid,2022-10-20
LOAN-000205,CUST-000136,"$14,246.61",EDUCATION,16.40,36,D,0.2106,Charged Off / Default,2022-12-22
LOAN-000206,CUST-000137,"$7,255.60",DEBTCONSOLIDATION,8.35,60,A,0.2369,Fully Paid,2022-09-24
LOAN-000207,CUST-000138,"$6,379.40",EDUCATION,10.86,48,B,0.2102,Fully Paid,2022-07-18
LOAN-000208,CUST-000138,"$8,557.40",VENTURE,13.75,60,C,0.2669,Late (16-30 days),2022-08-17
LOAN-000209,CUST-000139,"$13,748.22",HOMEIMPROVEMENT,7.64,60,A,0.2613,Fully Paid,2022-04-12
LOAN-000210,CUST-000140,"$6,718.57",EDUCATION,13.35,24,C,0.2994,Fully Paid,2022-12-09
LOAN-000211,CUST-000140,"$7,856.08",EDUCATION,11.79,36,C,0.1780,Current,2022-12-28
LOAN-000212,CUST-000141,"$7,990.56",EDUCATION,14.92,12,D,0.3613,Current,2022-11-15
LOAN-000213,CUST-000142,"$6,032.20",HOMEIMPROVEMENT,6.71,48,A,0.1789,Fully Paid,2022-08-06
LOAN-000214,CUST-000143,"$11,662.09",PERSONAL,10.23,24,B,0.4363,Late (16-30 days),2022-10-31
LOAN-000215,CUST-000144,"$11,275.77",MEDICAL,11.06,60,B,0.2310,Fully Paid,2022-12-03
LOAN-000216,CUST-000145,"$4,205.98",HOMEIMPROVEMENT,15.33,24,D,0.2637,Late (31-120 days),2022-11-23
LOAN-000217,CUST-000146,"$31,566.42",VENTURE,12.96,48,C,0.2825,Current,2022-12-30
LOAN-000218,CUST-000146,"$35,475.09",PERSONAL,12.16,24,C,0.3273,Fully Paid,2022-12-24
LOAN-000219,CUST-000147,"$6,105.79",DEBTCONSOLIDATION,11.39,24,B,0.2830,Fully Paid,2022-03-23
LOAN-000220,CUST-000147,"$3,061.55",MEDICAL,12.36,24,C,0.1475,Current,2022-04-24
LOAN-000221,CUST-000148,"$12,378.01",EDUCATION,12.96,48,C,0.3027,Current,2022-06-13
LOAN-000222,CUST-000148,"$13,730.41",VENTURE,13.44,60,C,0.2909,Fully Paid,2022-08-14
LOAN-000223,CUST-000149,"$12,149.75",EDUCATION,18.43,24,E,0.2675,Current,2022-08-20
LOAN-000224,CUST-000150,"$17,198.81",HOMEIMPROVEMENT,5.50,36,A,0.1981,Current,2023-02-20
LOAN-000225,CUST-000151,"$7,052.38",DEBTCONSOLIDATION,9.34,12,B,0.4599,Late (16-30 days),2022-03-09
LOAN-000226,CUST-000151,"$10,004.63",DEBTCONSOLIDATION,9.88,48,B,0.2301,Fully Paid,2022-03-14
LOAN-000227,CUST-000152,"$9,887.99",PERSONAL,13.61,12,C,0.2370,Current,2022-09-13
LOAN-000228,CUST-000152,"$3,051.73",PERSONAL,12.49,60,C,0.1156,Fully Paid,2022-08-30
LOAN-000229,CUST-000153,"$2,087.00",HOMEIMPROVEMENT,8.42,48,A,0.0994,Current,2022-11-23
LOAN-000230,CUST-000154,"$4,336.35",HOMEIMPROVEMENT,9.92,60,B,0.2433,Fully Paid,2022-08-06
LOAN-000231,CUST-000155,"$26,704.51",VENTURE,13.11,36,C,0.3825,Late (31-120 days),2022-12-21
LOAN-000232,CUST-000156,"$25,532.58",PERSONAL,7.30,60,A,0.1870,Current,2022-02-27
LOAN-000233,CUST-000157,"$6,689.41",HOMEIMPROVEMENT,7.15,60,A,0.2054,Current,2022-11-06
LOAN-000234,CUST-000157,"$7,126.28",VENTURE,9.60,12,B,0.5184,Current,2022-11-06
LOAN-000235,CUST-000158,"$7,109.12",VENTURE,15.12,48,D,0.1757,Current,2022-07-25
LOAN-000236,CUST-000159,"$7,415.49",MEDICAL,9.28,60,B,0.1710,Late (16-30 days),2022-11-30
LOAN-000237,CUST-000159,"$6,326.16",VENTURE,10.29,48,B,0.1084,Current,2022-12-02
LOAN-000238,CUST-000160,"$4,310.50",PERSONAL,13.75,48,C,0.2158,Late (16-30 days),2023-02-16
LOAN-000239,CUST-000161,"$6,454.85",EDUCATION,11.60,12,C,0.3562,Fully Paid,2022-12-12
LOAN-000240,CUST-000161,"$21,888.45",MEDICAL,10.02,48,B,0.2979,Fully Paid,2022-12-28
LOAN-000241,CUST-000162,"$12,927.29",HOMEIMPROVEMENT,7.87,36,A,0.2588,Late (16-30 days),2022-08-12
LOAN-000242,CUST-000163,"$12,394.15",DEBTCONSOLIDATION,8.29,24,A,0.3011,Fully Paid,2023-03-03
LOAN-000243,CUST-000163,"$15,045.90",DEBTCONSOLIDATION,8.94,24,B,0.4293,Current,2023-04-22
LOAN-000244,CUST-000164,"$2,657.99",EDUCATION,12.00,24,C,0.1162,Current,2022-06-01
LOAN-000245,CUST-000165,"$5,761.36",HOMEIMPROVEMENT,9.73,36,B,0.2349,Fully Paid,2022-04-21
LOAN-000246,CUST-000166,"$2,662.91",DEBTCONSOLIDATION,5.96,12,A,0.3213,Current,2023-03-29
LOAN-000247,CUST-000166,"$7,470.34",DEBTCONSOLIDATION,6.50,12,A,0.6126,Fully Paid,2023-02-14
LOAN-000248,CUST-000167,"$5,218.51",EDUCATION,11.82,60,C,0.2779,Fully Paid,2023-02-26
LOAN-000249,CUST-000167,"$10,135.36",MEDICAL,15.20,12,D,0.4788,Fully Paid,2023-01-31
LOAN-000250,CUST-000168,"$12,065.30",EDUCATION,12.18,36,C,0.1869,Fully Paid,2022-09-27
LOAN-000251,CUST-000168,"$19,953.35",MEDICAL,11.52,12,C,0.4855,Fully Paid,2022-10-19
LOAN-000252,CUST-000169,"$2,702.24",DEBTCONSOLIDATION,6.25,36,A,0.1869,Fully Paid,2022-10-26
LOAN-000253,CUST-000169,"$8,188.28",MEDICAL,7.74,60,A,0.1219,Fully Paid,2022-11-07
LOAN-000254,CUST-000170,"$34,405.46",EDUCATION,8.75,24,B,0.3441,Current,2022-11-01
LOAN-000255,CUST-000170,"$29,043.87",EDUCATION,12.21,60,C,0.2951,Current,2022-12-22
LOAN-000256,CUST-000171,"$33,834.87",EDUCATION,14.66,48,D,0.2138,Charged Off / Default,2022-05-22
LOAN-000257,CUST-000172,"$20,914.95",VENTURE,12.62,60,C,0.2571,Fully Paid,2022-06-17
LOAN-000258,CUST-000173,"$8,843.99",PERSONAL,13.70,48,C,0.2360,Late (16-30 days),2022-05-03
LOAN-000259,CUST-000173,"$14,538.53",MEDICAL,10.40,12,B,0.4728,Current,2022-04-13
LOAN-000260,CUST-000174,"$4,140.24",DEBTCONSOLIDATION,11.71,48,C,0.1044,Current,2022-05-20
LOAN-000261,CUST-000174,"$5,963.18",PERSONAL,11.09,48,B,0.2340,Current,2022-06-26
LOAN-000262,CUST-000175,"$15,279.44",HOMEIMPROVEMENT,13.69,12,C,0.3944,Fully Paid,2022-08-18
LOAN-000263,CUST-000175,"$18,346.57",DEBTCONSOLIDATION,12.23,36,C,0.3211,Fully Paid,2022-08-23
LOAN-000264,CUST-000176,"$15,114.98",PERSONAL,5.50,60,A,0.2694,Current,2022-04-12
LOAN-000265,CUST-000176,"$11,211.56",PERSONAL,8.17,24,A,0.3776,Fully Paid,2022-04-09
LOAN-000266,CUST-000177,"$9,015.40",MEDICAL,13.38,48,C,0.2713,Current,2022-08-07
LOAN-000267,CUST-000177,"$8,924.83",PERSONAL,13.95,24,C,0.1829,Late (31-120 days),2022-08-07
LOAN-000268,CUST-000178,"$6,240.50",PERSONAL,10.70,24,B,0.3181,Current,2022-08-10
LOAN-000269,CUST-000179,"$6,013.69",MEDICAL,14.54,48,D,0.2609,Fully Paid,2023-02-24
LOAN-000270,CUST-000180,"$3,888.15",DEBTCONSOLIDATION,11.52,36,C,0.2619,Current,2022-08-29
LOAN-000271,CUST-000181,"$11,939.45",PERSONAL,14.65,48,D,0.3012,Fully Paid,2022-06-29
LOAN-000272,CUST-000182,"$16,443.71",PERSONAL,8.60,24,B,0.2400,Current,2022-11-26
LOAN-000273,CUST-000182,"$17,415.06",HOMEIMPROVEMENT,9.45,48,B,0.2418,Current,2022-11-16
LOAN-000274,CUST-000183,"$18,849.99",EDUCATION,11.56,48,C,0.2477,Fully Paid,2022-10-20
LOAN-000275,CUST-000183,"$19,781.95",MEDICAL,6.97,48,A,0.2069,Fully Paid,2022-10-24
LOAN-000276,CUST-000184,"$11,335.85",PERSONAL,5.50,48,A,0.2284,Current,2022-08-21
LOAN-000277,CUST-000185,"$10,849.06",HOMEIMPROVEMENT,11.31,12,B,0.5044,Current,2023-02-10
LOAN-000278,CUST-000185,"$2,011.70",PERSONAL,11.29,12,B,0.2034,Current,2022-12-05
LOAN-000279,CUST-000186,"$14,913.13",HOMEIMPROVEMENT,15.57,48,D,0.2115,Current,2022-09-30
LOAN-000280,CUST-000186,"$16,842.24",VENTURE,11.35,48,B,0.2806,Fully Paid,2022-08-31
LOAN-000281,CUST-000187,"$9,026.54",VENTURE,11.83,48,C,0.2260,Current,2022-11-11
LOAN-000282,CUST-000187,"$12,445.03",MEDICAL,11.65,60,C,0.1993,Fully Paid,2023-01-28
LOAN-000283,CUST-000188,"$4,634.43",EDUCATION,14.70,48,D,0.2028,Fully Paid,2022-04-02
LOAN-000284,CUST-000188,"$2,080.52",EDUCATION,14.97,48,D,0.1944,Fully Paid,2022-06-02
LOAN-000285,CUST-000189,"$6,841.92",VENTURE,11.06,12,B,0.5850,Current,2022-05-14
LOAN-000286,CUST-000190,"$9,076.89",HOMEIMPROVEMENT,12.43,24,C,0.3296,Current,2023-03-20
LOAN-000287,CUST-000190,"$6,333.82",DEBTCONSOLIDATION,12.09,12,C,0.2599,Fully Paid,2023-01-19
LOAN-000288,CUST-000191,"$8,120.91",EDUCATION,11.09,36,B,0.2527,Fully Paid,2022-07-27
LOAN-000289,CUST-000191,"$26,076.84",MEDICAL,12.87,60,C,0.1351,Fully Paid,2022-09-11
LOAN-000290,CUST-000192,"$3,106.42",PERSONAL,13.86,12,C,0.3294,Fully Paid,2022-05-29
LOAN-000291,CUST-000192,"$5,983.73",MEDICAL,16.00,36,D,0.2509,Fully Paid,2022-07-08
LOAN-000292,CUST-000193,"$7,409.33",HOMEIMPROVEMENT,13.87,36,C,0.3462,Current,2022-06-23
LOAN-000293,CUST-000193,"$5,504.13",EDUCATION,13.06,12,C,0.3911,Fully Paid,2022-07-16
LOAN-000294,CUST-000194,"$7,488.48",HOMEIMPROVEMENT,7.82,12,A,0.3528,Current,2022-06-24
LOAN-000295,CUST-000194,"$3,998.85",PERSONAL,9.43,60,B,0.2410,Current,2022-07-14
LOAN-000296,CUST-000195,"$10,309.62",PERSONAL,17.95,36,E,0.1116,Late (31-120 days),2022-10-30
LOAN-000297,CUST-000196,"$9,514.23",PERSONAL,12.28,60,C,0.1749,Current,2023-01-14
LOAN-000298,CUST-000196,"$9,619.27",PERSONAL,13.86,12,C,0.5860,Late (31-120 days),2022-11-13
LOAN-000299,CUST-000197,"$4,001.64",DEBTCONSOLIDATION,14.43,48,C,0.2968,Fully Paid,2022-06-02
LOAN-000300,CUST-000197,"$4,768.42",VENTURE,12.06,12,C,0.3356,Current,2022-04-03
LOAN-000301,CUST-000198,"$22,613.34",EDUCATION,17.93,60,E,0.1623,Charged Off / Default,2022-07-27
LOAN-000302,CUST-000199,"$34,376.68",EDUCATION,7.51,24,A,0.3757,Current,2022-09-23
LOAN-000303,CUST-000199,"$18,630.21",DEBTCONSOLIDATION,9.58,24,B,0.2693,Fully Paid,2022-10-03
LOAN-000304,CUST-000200,"$12,332.34",HOMEIMPROVEMENT,15.18,48,D,0.3420,Current,2022-07-23
LOAN-000305,CUST-000201,"$2,950.98",MEDICAL,16.93,24,D,0.2583,Fully Paid,2023-01-25
LOAN-000306,CUST-000202,"$8,149.34",DEBTCONSOLIDATION,13.80,36,C,0.2098,Fully Paid,2022-12-05
LOAN-000307,CUST-000202,"$12,491.62",EDUCATION,12.83,24,C,0.2660,Current,2023-02-28
LOAN-000308,CUST-000203,"$7,663.53",HOMEIMPROVEMENT,12.77,60,C,0.2485,Fully Paid,2022-10-22
LOAN-000309,CUST-000204,"$33,594.79",DEBTCONSOLIDATION,15.39,48,D,0.2896,Late (16-30 days),2022-06-09
LOAN-000310,CUST-000205,"$13,717.47",MEDICAL,10.26,12,B,0.4539,Current,2022-07-04
LOAN-000311,CUST-000205,"$17,763.91",EDUCATION,10.60,24,B,0.2594,Fully Paid,2022-07-04
LOAN-000312,CUST-000206,"$21,379.32",DEBTCONSOLIDATION,11.24,12,B,0.4356,Fully Paid,2023-01-08
LOAN-000313,CUST-000207,"$9,994.34",EDUCATION,12.93,36,C,0.2764,Fully Paid,2023-01-26
LOAN-000314,CUST-000208,"$27,410.83",PERSONAL,13.28,36,C,0.2065,Late (31-120 days),2022-02-19
LOAN-000315,CUST-000208,"$19,458.31",DEBTCONSOLIDATION,11.06,60,B,0.0970,Fully Paid,2022-02-03
LOAN-000316,CUST-000209,"$3,395.81",DEBTCONSOLIDATION,19.57,36,E,0.2187,Charged Off / Default,2022-08-06
LOAN-000317,CUST-000209,"$2,748.85",HOMEIMPROVEMENT,17.58,24,E,0.2055,Late (31-120 days),2022-07-23
LOAN-000318,CUST-000210,"$5,207.79",DEBTCONSOLIDATION,15.59,24,D,0.1666,Late (31-120 days),2022-03-12
LOAN-000319,CUST-000211,"$4,261.07",MEDICAL,10.74,12,B,0.1528,Current,2022-09-09
LOAN-000320,CUST-000211,"$30,622.90",DEBTCONSOLIDATION,10.75,48,B,0.3121,Fully Paid,2022-11-25
LOAN-000321,CUST-000212,"$3,339.66",PERSONAL,19.79,24,E,0.3251,Current,2022-03-01
LOAN-000322,CUST-000213,"$7,089.83",MEDICAL,9.19,48,B,0.3248,Fully Paid,2022-06-16
LOAN-000323,CUST-000214,"$14,365.58",HOMEIMPROVEMENT,13.22,36,C,0.3513,Late (16-30 days),2022-07-02
LOAN-000324,CUST-000215,"$4,257.84",DEBTCONSOLIDATION,15.59,60,D,0.0790,Late (16-30 days),2022-09-12
LOAN-000325,CUST-000216,"$7,497.47",VENTURE,14.71,24,D,0.2282,Late (16-30 days),2022-11-28
LOAN-000326,CUST-000217,"$19,484.52",PERSONAL,9.37,24,B,0.2216,Late (16-30 days),2022-07-20
LOAN-000327,CUST-000218,"$2,198.05",HOMEIMPROVEMENT,11.28,24,B,0.1514,Fully Paid,2022-09-06
LOAN-000328,CUST-000218,"$7,653.72",MEDICAL,12.30,36,C,0.2629,Fully Paid,2022-07-11
LOAN-000329,CUST-000219,"$9,688.13",DEBTCONSOLIDATION,10.73,36,B,0.2930,Fully Paid,2022-06-15
LOAN-000330,CUST-000220,"$9,451.51",VENTURE,15.95,60,D,0.2977,Fully Paid,2022-11-26
LOAN-000331,CUST-000221,"$4,054.60",MEDICAL,12.95,24,C,0.2695,Fully Paid,2022-12-27
LOAN-000332,CUST-000221,"$8,962.46",VENTURE,13.11,48,C,0.2305,Current,2023-03-24
LOAN-000333,CUST-000222,"$4,769.45",EDUCATION,7.41,24,A,0.2090,Current,2022-02-11
LOAN-000334,CUST-000223,"$23,838.66",DEBTCONSOLIDATION,17.41,36,D,0.3396,Late (31-120 days),2022-07-12
LOAN-000335,CUST-000224,"$26,957.91",PERSONAL,12.19,36,C,0.2547,Current,2022-04-25
LOAN-000336,CUST-000225,"$13,907.27",MEDICAL,12.04,12,C,0.4578,Current,2022-08-12
LOAN-000337,CUST-000226,"$4,930.28",VENTURE,11.23,12,B,0.4177,Fully Paid,2022-07-24
LOAN-000338,CUST-000226,"$4,458.46",VENTURE,9.99,12,B,0.3729,Fully Paid,2022-08-28
LOAN-000339,CUST-000227,"$15,187.45",DEBTCONSOLIDATION,7.02,24,A,0.3424,Late (16-30 days),2023-04-16
LOAN-000340,CUST-000228,"$5,129.85",DEBTCONSOLIDATION,15.19,24,D,0.2251,Current,2022-12-19
LOAN-000341,CUST-000229,"$22,400.06",VENTURE,14.19,24,C,0.2291,Late (31-120 days),2022-10-24
LOAN-000342,CUST-000229,"$18,342.58",PERSONAL,10.96,60,B,0.2642,Late (31-120 days),2022-10-17
LOAN-000343,CUST-000230,"$21,391.54",HOMEIMPROVEMENT,11.47,12,B,0.6728,Fully Paid,2023-01-23
LOAN-000344,CUST-000230,"$17,022.59",MEDICAL,8.77,12,B,0.5869,Fully Paid,2023-03-24
LOAN-000345,CUST-000231,"$33,934.06",HOMEIMPROVEMENT,14.18,24,C,0.4082,Late (31-120 days),2022-04-07
LOAN-000346,CUST-000231,"$6,081.12",VENTURE,14.06,12,C,0.1963,Current,2022-04-06
LOAN-000347,CUST-000232,"$19,099.08",MEDICAL,7.78,60,A,0.1439,Current,2022-07-05
LOAN-000348,CUST-000232,"$7,233.03",EDUCATION,8.86,12,B,0.2260,Current,2022-04-16
LOAN-000349,CUST-000233,"$9,524.03",HOMEIMPROVEMENT,9.23,12,B,0.3126,Late (16-30 days),2022-09-09
LOAN-000350,CUST-000233,"$5,577.65",DEBTCONSOLIDATION,11.01,60,B,0.1220,Fully Paid,2022-08-27
LOAN-000351,CUST-000234,"$10,725.14",VENTURE,16.20,48,D,0.3019,Fully Paid,2022-04-30
LOAN-000352,CUST-000234,"$14,503.62",DEBTCONSOLIDATION,14.34,36,C,0.2060,Late (31-120 days),2022-04-30
LOAN-000353,CUST-000235,"$14,148.51",VENTURE,16.79,60,D,0.2440,Fully Paid,2022-08-27
LOAN-000354,CUST-000235,"$8,444.58",VENTURE,15.77,12,D,0.3495,Fully Paid,2022-10-12
LOAN-000355,CUST-000236,"$13,104.39",EDUCATION,12.99,36,C,0.1709,Fully Paid,2022-11-18
LOAN-000356,CUST-000237,"$8,577.18",HOMEIMPROVEMENT,16.04,36,D,0.2146,Current,2022-04-08
LOAN-000357,CUST-000237,"$11,586.59",VENTURE,15.56,12,D,0.4602,Current,2022-06-09
LOAN-000358,CUST-000238,"$4,563.37",MEDICAL,9.06,60,B,0.0802,Fully Paid,2022-05-05
LOAN-000359,CUST-000239,"$10,993.47",EDUCATION,8.57,12,B,0.5232,Fully Paid,2022-05-06
LOAN-000360,CUST-000239,"$3,877.93",VENTURE,10.22,24,B,0.2352,Fully Paid,2022-03-13
LOAN-000361,CUST-000240,"$10,752.81",EDUCATION,10.32,48,B,0.2563,Current,2022-11-24
LOAN-000362,CUST-000240,"$10,466.13",HOMEIMPROVEMENT,12.92,36,C,0.2439,Fully Paid,2022-12-10
LOAN-000363,CUST-000241,"$21,843.00",VENTURE,12.96,60,C,0.2597,Late (16-30 days),2022-12-21
LOAN-000364,CUST-000241,"$17,512.03",MEDICAL,12.94,36,C,0.2293,Fully Paid,2023-02-24
LOAN-000365,CUST-000242,"$5,087.00",EDUCATION,12.43,60,C,0.2906,Fully Paid,2022-10-03
LOAN-000366,CUST-000243,"$2,465.58",DEBTCONSOLIDATION,14.52,60,D,0.0931,Current,2023-02-22
LOAN-000367,CUST-000244,"$28,716.74",PERSONAL,10.16,24,B,0.2076,Fully Paid,2022-08-26
LOAN-000368,CUST-000244,"$28,712.51",MEDICAL,8.69,24,B,0.3094,Fully Paid,2022-09-06
LOAN-000369,CUST-000245,"$9,798.38",PERSONAL,7.18,12,A,0.4464,Fully Paid,2022-09-17
LOAN-000370,CUST-000245,"$4,881.26",HOMEIMPROVEMENT,11.28,12,B,0.3601,Late (16-30 days),2022-10-30
LOAN-000371,CUST-000246,"$2,702.82",PERSONAL,7.96,36,A,0.0753,Current,2022-08-18
LOAN-000372,CUST-000246,"$3,249.20",HOMEIMPROVEMENT,9.25,12,B,0.1735,Late (16-30 days),2022-09-05
LOAN-000373,CUST-000247,"$6,005.54",DEBTCONSOLIDATION,15.47,36,D,0.3392,Current,2022-07-24
LOAN-000374,CUST-000247,"$7,876.31",MEDICAL,14.43,24,C,0.2699,Late (31-120 days),2022-06-20
LOAN-000375,CUST-000248,"$19,947.90",VENTURE,9.91,36,B,0.2484,Fully Paid,2022-09-17
LOAN-000376,CUST-000249,"$3,631.13",DEBTCONSOLIDATION,11.07,36,B,0.1040,Current,2023-01-08
LOAN-000377,CUST-000250,"$4,170.19",PERSONAL,9.40,60,B,0.1023,Current,2023-01-08
LOAN-000378,CUST-000250,"$6,515.68",EDUCATION,7.93,24,A,0.3577,Current,2023-03-01
LOAN-000379,CUST-000251,"$26,272.36",MEDICAL,13.15,60,C,0.1931,Current,2022-10-26
LOAN-000380,CUST-000252,"$24,797.94",PERSONAL,11.89,24,C,0.2496,Current,2023-01-05
LOAN-000381,CUST-000252,"$33,270.63",HOMEIMPROVEMENT,9.08,12,B,0.5762,Fully Paid,2022-11-01
LOAN-000382,CUST-000253,"$7,723.71",DEBTCONSOLIDATION,13.22,48,C,0.2082,Late (31-120 days),2023-03-04
LOAN-000383,CUST-000253,"$15,957.31",MEDICAL,16.82,12,D,0.5782,Current,2023-01-05
LOAN-000384,CUST-000254,"$2,791.71",VENTURE,7.21,12,A,0.2468,Current,2023-01-14
LOAN-000385,CUST-000254,"$24,607.11",HOMEIMPROVEMENT,5.50,48,A,0.2044,Current,2023-04-06
LOAN-000386,CUST-000255,"$31,404.53",VENTURE,11.20,48,B,0.2028,Fully Paid,2022-09-29
LOAN-000387,CUST-000256,"$27,256.74",HOMEIMPROVEMENT,10.59,48,B,0.3207,Fully Paid,2023-01-18
LOAN-000388,CUST-000257,"$4,893.10",EDUCATION,9.03,48,B,0.1815,Late (16-30 days),2023-01-28
LOAN-000389,CUST-000257,"$8,855.86",EDUCATION,12.14,36,C,0.2926,Fully Paid,2023-02-25
LOAN-000390,CUST-000258,"$9,996.60",DEBTCONSOLIDATION,5.50,24,A,0.1597,Fully Paid,2023-01-17
LOAN-000391,CUST-000259,"$25,118.17",HOMEIMPROVEMENT,12.38,12,C,0.5843,Fully Paid,2022-10-13
LOAN-000392,CUST-000260,"$10,149.72",MEDICAL,13.79,12,C,0.4358,Fully Paid,2022-05-18
LOAN-000393,CUST-000260,"$12,434.11",EDUCATION,12.89,36,C,0.3351,Current,2022-03-11
LOAN-000394,CUST-000261,"$2,924.18",VENTURE,9.37,36,B,0.1396,Current,2022-10-02
LOAN-000395,CUST-000262,"$21,313.72",HOMEIMPROVEMENT,10.82,24,B,0.4222,Late (16-30 days),2022-08-18
LOAN-000396,CUST-000262,"$17,131.46",MEDICAL,8.66,12,B,0.4379,Fully Paid,2022-09-25
LOAN-000397,CUST-000263,"$12,824.35",DEBTCONSOLIDATION,9.34,60,B,0.3040,Fully Paid,2022-12-24
LOAN-000398,CUST-000264,"$6,090.41",DEBTCONSOLIDATION,15.25,12,D,0.2470,Late (31-120 days),2022-02-18
LOAN-000399,CUST-000265,"$15,711.22",DEBTCONSOLIDATION,12.57,24,C,0.4151,Fully Paid,2023-01-31
LOAN-000400,CUST-000266,"$4,037.83",MEDICAL,11.02,12,B,0.1938,Current,2022-12-22
LOAN-000401,CUST-000266,"$30,409.59",PERSONAL,10.35,24,B,0.4181,Late (16-30 days),2022-11-01
LOAN-000402,CUST-000267,"$4,796.40",HOMEIMPROVEMENT,14.92,24,D,0.1987,Charged Off / Default,2022-02-27
LOAN-000403,CUST-000267,"$9,799.19",EDUCATION,17.80,60,E,0.1973,Fully Paid,2022-03-30
LOAN-000404,CUST-000268,"$26,257.69",HOMEIMPROVEMENT,10.10,60,B,0.1356,Fully Paid,2023-03-19
LOAN-000405,CUST-000269,"$7,735.87",EDUCATION,9.19,36,B,0.1338,Fully Paid,2022-11-22
LOAN-000406,CUST-000270,"$25,921.71",DEBTCONSOLIDATION,10.68,48,B,0.1695,Fully Paid,2023-04-02
LOAN-000407,CUST-000270,"$3,899.02",DEBTCONSOLIDATION,13.83,48,C,0.2648,Current,2023-02-05
LOAN-000408,CUST-000271,"$2,465.89",HOMEIMPROVEMENT,7.15,12,A,0.2039,Fully Paid,2022-06-30
LOAN-000409,CUST-000272,"$4,155.99",EDUCATION,18.44,36,E,0.1792,Current,2022-09-09
LOAN-000410,CUST-000273,"$12,465.07",HOMEIMPROVEMENT,15.70,12,D,0.4016,Fully Paid,2022-10-08
LOAN-000411,CUST-000274,"$18,010.11",DEBTCONSOLIDATION,18.71,24,E,0.3788,Current,2022-10-30
LOAN-000412,CUST-000274,"$4,802.96",DEBTCONSOLIDATION,17.85,12,E,0.2327,Current,2022-09-09
LOAN-000413,CUST-000275,"$27,888.46",PERSONAL,7.55,36,A,0.2571,Late (16-30 days),2022-10-02
LOAN-000414,CUST-000276,"$4,839.16",MEDICAL,13.94,36,C,0.2915,Fully Paid,2022-06-19
LOAN-000415,CUST-000276,"$12,738.15",VENTURE,13.56,60,C,0.3153,Fully Paid,2022-05-24
LOAN-000416,CUST-000277,"$16,903.60",VENTURE,17.70,48,E,0.2339,Charged Off / Default,2022-06-23
LOAN-000417,CUST-000278,"$23,216.60",PERSONAL,14.61,24,D,0.3664,Current,2022-03-29
LOAN-000418,CUST-000278,"$28,175.44",PERSONAL,17.44,24,D,0.3761,Late (16-30 days),2022-05-06
LOAN-000419,CUST-000279,"$12,755.82",VENTURE,17.52,12,E,0.4405,Charged Off / Default,2022-12-17
LOAN-000420,CUST-000280,"$19,153.06",EDUCATION,14.39,12,C,0.4761,Late (31-120 days),2022-10-16
LOAN-000421,CUST-000281,"$8,427.14",PERSONAL,14.12,60,C,0.1218,Fully Paid,2022-08-08
LOAN-000422,CUST-000282,"$3,859.38",EDUCATION,10.80,12,B,0.2240,Late (16-30 days),2022-08-23
LOAN-000423,CUST-000283,"$20,165.61",VENTURE,11.88,60,C,0.2847,Current,2022-12-05
LOAN-000424,CUST-000284,"$15,913.69",VENTURE,12.89,24,C,0.2740,Fully Paid,2022-07-18
LOAN-000425,CUST-000285,"$16,509.74",MEDICAL,13.83,60,C,0.1281,Late (16-30 days),2022-06-24
LOAN-000426,CUST-000285,"$11,734.78",PERSONAL,11.96,60,C,0.2063,Fully Paid,2022-05-22
LOAN-000427,CUST-000286,"$6,147.80",VENTURE,14.53,12,D,0.4142,Charged Off / Default,2022-05-29
LOAN-000428,CUST-000287,"$3,694.25",HOMEIMPROVEMENT,16.84,24,D,0.1337,Fully Paid,2022-09-26
LOAN-000429,CUST-000288,"$3,549.53",PERSONAL,13.80,12,C,0.3035,Fully Paid,2023-01-06
LOAN-000430,CUST-000289,"$24,617.74",EDUCATION,12.79,60,C,0.2280,Fully Paid,2022-04-26
LOAN-000431,CUST-000289,"$2,981.76",PERSONAL,10.08,60,B,0.2479,Current,2022-07-11
LOAN-000432,CUST-000290,"$19,226.97",HOMEIMPROVEMENT,12.10,36,C,0.1623,Fully Paid,2022-11-29
LOAN-000433,CUST-000291,"$6,588.37",VENTURE,13.13,36,C,0.2268,Current,2023-01-27
LOAN-000434,CUST-000291,"$6,825.05",EDUCATION,18.70,48,E,0.1905,Late (31-120 days),2022-12-03
LOAN-000435,CUST-000292,"$8,480.92",HOMEIMPROVEMENT,11.01,24,B,0.2969,Current,2023-03-30
LOAN-000436,CUST-000293,"$12,270.38",HOMEIMPROVEMENT,10.82,48,B,0.3321,Current,2022-12-01
LOAN-000437,CUST-000293,"$2,731.82",DEBTCONSOLIDATION,7.37,12,A,0.3274,Current,2022-11-02
LOAN-000438,CUST-000294,"$9,713.11",EDUCATION,11.51,12,C,0.5006,Fully Paid,2023-01-02
LOAN-000439,CUST-000295,"$10,309.67",DEBTCONSOLIDATION,12.10,36,C,0.1719,Fully Paid,2022-05-12
LOAN-000440,CUST-000296,"$7,075.82",VENTURE,13.42,24,C,0.3083,Current,2022-05-04
LOAN-000441,CUST-000297,"$15,043.86",EDUCATION,15.54,24,D,0.2702,Late (31-120 days),2022-10-14
LOAN-000442,CUST-000297,"$6,226.36",PERSONAL,13.59,60,C,0.0666,Late (31-120 days),2022-09-20
LOAN-000443,CUST-000298,"$12,825.63",VENTURE,12.30,24,C,0.3220,Current,2022-12-08
LOAN-000444,CUST-000299,"$3,617.68",VENTURE,10.58,60,B,0.1362,Fully Paid,2022-11-29
LOAN-000445,CUST-000300,"$2,605.32",PERSONAL,7.74,36,A,0.1356,Current,2022-09-10
LOAN-000446,CUST-000300,"$2,538.34",VENTURE,7.81,36,A,0.2194,Fully Paid,2022-10-06
LOAN-000447,CUST-000301,"$6,124.02",HOMEIMPROVEMENT,10.82,24,B,0.1304,Fully Paid,2022-03-11
LOAN-000448,CUST-000301,"$12,013.68",EDUCATION,14.11,24,C,0.3747,Late (16-30 days),2022-05-03
LOAN-000449,CUST-000302,"$9,387.75",MEDICAL,15.21,12,D,0.4089,Charged Off / Default,2022-06-17
LOAN-000450,CUST-000302,"$11,142.79",HOMEIMPROVEMENT,16.18,48,D,0.2151,Charged Off / Default,2022-06-19
LOAN-000451,CUST-000303,"$12,817.14",PERSONAL,11.04,60,B,0.1762,Fully Paid,2022-06-15
LOAN-000452,CUST-000303,"$5,499.22",PERSONAL,11.88,12,C,0.3435,Fully Paid,2022-05-05
LOAN-000453,CUST-000304,"$11,521.04",EDUCATION,6.94,12,A,0.3942,Fully Paid,2022-08-02
LOAN-000454,CUST-000304,"$13,424.01",DEBTCONSOLIDATION,7.12,48,A,0.3049,Current,2022-09-14
LOAN-000455,CUST-000305,"$10,456.76",EDUCATION,11.15,36,B,0.1009,Fully Paid,2023-04-12
LOAN-000456,CUST-000305,"$11,327.96",DEBTCONSOLIDATION,13.38,60,C,0.2667,Fully Paid,2023-03-01
LOAN-000457,CUST-000306,"$13,449.75",VENTURE,11.67,36,C,0.1952,Fully Paid,2022-03-29
LOAN-000458,CUST-000306,"$3,833.37",EDUCATION,14.53,48,D,0.1245,Late (16-30 days),2022-03-09
LOAN-000459,CUST-000307,"$6,711.72",VENTURE,12.95,12,C,0.3351,Fully Paid,2022-11-24
LOAN-000460,CUST-000307,"$10,595.26",EDUCATION,12.73,24,C,0.2980,Fully Paid,2022-10-03
LOAN-000461,CUST-000308,"$26,166.06",MEDICAL,12.99,60,C,0.2495,Late (16-30 days),2022-05-27
LOAN-000462,CUST-000308,"$19,777.91",MEDICAL,13.17,60,C,0.3119,Current,2022-08-25
LOAN-000463,CUST-000309,"$13,491.06",HOMEIMPROVEMENT,14.68,24,D,0.2790,Current,2023-03-21
LOAN-000464,CUST-000310,"$22,584.26",EDUCATION,9.81,24,B,0.3020,Fully Paid,2022-06-13
LOAN-000465,CUST-000311,"$18,513.35",HOMEIMPROVEMENT,13.31,60,C,0.1531,Current,2022-01-21
LOAN-000466,CUST-000312,"$15,913.65",HOMEIMPROVEMENT,12.83,24,C,0.2520,Fully Paid,2022-11-18
LOAN-000467,CUST-000312,"$13,948.33",PERSONAL,11.75,12,C,0.3611,Fully Paid,2022-11-05
LOAN-000468,CUST-000313,"$10,270.22",MEDICAL,12.35,36,C,0.2566,Fully Paid,2022-08-14
LOAN-000469,CUST-000314,"$14,133.23",VENTURE,6.19,12,A,0.3537,Late (16-30 days),2022-09-27
LOAN-000470,CUST-000315,"$36,700.42",DEBTCONSOLIDATION,12.81,12,C,0.4830,Current,2023-03-11
LOAN-000471,CUST-000315,"$20,495.25",VENTURE,12.04,60,C,0.2462,Fully Paid,2023-01-04
LOAN-000472,CUST-000316,"$12,872.89",DEBTCONSOLIDATION,7.20,60,A,0.1902,Current,2023-01-16
LOAN-000473,CUST-000317,"$3,031.32",VENTURE,12.06,12,C,0.1786,Fully Paid,2022-10-21
LOAN-000474,CUST-000318,"$4,990.70",EDUCATION,11.28,24,B,0.1419,Fully Paid,2022-10-18
LOAN-000475,CUST-000319,"$21,477.39",EDUCATION,14.66,12,D,0.4166,Current,2022-06-13
LOAN-000476,CUST-000319,"$12,934.01",DEBTCONSOLIDATION,13.45,24,C,0.2163,Late (16-30 days),2022-04-05
LOAN-000477,CUST-000320,"$3,894.66",VENTURE,14.39,48,C,0.2473,Late (31-120 days),2022-11-21
LOAN-000478,CUST-000321,"$14,998.89",DEBTCONSOLIDATION,11.02,60,B,0.2870,Fully Paid,2023-02-15
LOAN-000479,CUST-000322,"$2,395.84",VENTURE,12.31,60,C,0.1756,Current,2023-02-14
LOAN-000480,CUST-000323,"$16,077.43",HOMEIMPROVEMENT,11.93,36,C,0.2112,Fully Paid,2022-12-10
LOAN-000481,CUST-000323,"$12,271.42",HOMEIMPROVEMENT,13.29,48,C,0.2711,Late (16-30 days),2022-12-16
LOAN-000482,CUST-000324,"$25,125.11",VENTURE,12.36,60,C,0.1360,Current,2022-09-08
LOAN-000483,CUST-000325,"$25,192.86",EDUCATION,9.37,60,B,0.1494,Fully Paid,2022-11-27
LOAN-000484,CUST-000326,"$6,137.58",PERSONAL,9.75,24,B,0.2790,Current,2023-02-08
LOAN-000485,CUST-000327,"$6,025.96",VENTURE,10.75,60,B,0.1539,Current,2022-06-08
LOAN-000486,CUST-000328,"$4,912.93",MEDICAL,7.88,12,A,0.3306,Current,2022-04-23
LOAN-000487,CUST-000329,"$17,190.72",VENTURE,11.62,12,C,0.4716,Current,2023-02-05
LOAN-000488,CUST-000329,"$21,464.38",HOMEIMPROVEMENT,12.24,48,C,0.3131,Current,2022-11-28
LOAN-000489,CUST-000330,"$5,613.31",DEBTCONSOLIDATION,5.50,36,A,0.1251,Current,2022-06-05
LOAN-000490,CUST-000330,"$8,155.23",PERSONAL,7.78,36,A,0.1598,Current,2022-06-04
LOAN-000491,CUST-000331,"$24,046.54",HOMEIMPROVEMENT,13.30,60,C,0.1634,Current,2022-10-27
LOAN-000492,CUST-000332,"$7,132.65",PERSONAL,13.16,48,C,0.1481,Fully Paid,2022-02-21
LOAN-000493,CUST-000333,"$11,688.25",VENTURE,7.56,12,A,0.4832,Current,2022-12-09
LOAN-000494,CUST-000333,"$11,530.74",EDUCATION,8.83,24,B,0.2737,Current,2022-12-26
LOAN-000495,CUST-000334,"$22,264.77",HOMEIMPROVEMENT,8.29,60,A,0.1786,Fully Paid,2022-10-07
LOAN-000496,CUST-000334,"$24,048.89",PERSONAL,10.05,36,B,0.2733,Fully Paid,2022-08-01
LOAN-000497,CUST-000335,"$9,887.16",EDUCATION,9.55,24,B,0.1902,Late (16-30 days),2022-09-30
LOAN-000498,CUST-000335,"$6,721.10",MEDICAL,12.05,48,C,0.1956,Fully Paid,2022-11-25
LOAN-000499,CUST-000336,"$12,228.02",DEBTCONSOLIDATION,11.01,24,B,0.2625,Fully Paid,2023-01-08
LOAN-000500,CUST-000337,"$21,445.61",VENTURE,13.32,24,C,0.3010,Fully Paid,2022-06-08
LOAN-000501,CUST-000338,"$2,320.24",MEDICAL,14.64,12,D,0.2290,Late (31-120 days),2022-07-03
LOAN-000502,CUST-000338,"$9,804.28",DEBTCONSOLIDATION,16.76,60,D,0.2293,Fully Paid,2022-05-23
LOAN-000503,CUST-000339,"$7,749.68",HOMEIMPROVEMENT,14.33,36,C,0.3508,Current,2022-10-26
LOAN-000504,CUST-000339,"$9,482.11",EDUCATION,14.23,24,C,0.3356,Current,2022-12-17
LOAN-000505,CUST-000340,"$12,095.37",MEDICAL,9.05,60,B,0.1939,Fully Paid,2022-05-05
LOAN-000506,CUST-000340,"$21,281.30",EDUCATION,9.73,12,B,0.5543,Fully Paid,2022-02-24
LOAN-000507,CUST-000341,"$16,521.71",PERSONAL,9.64,24,B,0.4256,Fully Paid,2022-08-01
LOAN-000508,CUST-000341,"$7,703.73",EDUCATION,9.18,36,B,0.2018,Fully Paid,2022-08-08
LOAN-000509,CUST-000342,"$7,236.15",DEBTCONSOLIDATION,13.96,36,C,0.2333,Late (31-120 days),2023-02-22
LOAN-000510,CUST-000342,"$35,054.70",VENTURE,13.97,12,C,0.5593,Fully Paid,2023-02-16
LOAN-000511,CUST-000343,"$12,602.97",HOMEIMPROVEMENT,9.86,24,B,0.3153,Current,2023-02-21
LOAN-000512,CUST-000344,"$17,654.57",MEDICAL,5.50,60,A,0.2487,Fully Paid,2022-04-10
LOAN-000513,CUST-000344,"$5,655.59",MEDICAL,5.50,12,A,0.2395,Fully Paid,2022-03-04
LOAN-000514,CUST-000345,"$7,543.79",VENTURE,8.76,12,B,0.2998,Current,2022-07-17
LOAN-000515,CUST-000345,"$19,717.00",EDUCATION,10.83,36,B,0.2039,Fully Paid,2022-05-23
LOAN-000516,CUST-000346,"$19,405.89",HOMEIMPROVEMENT,12.05,36,C,0.2553,Fully Paid,2022-05-21
LOAN-000517,CUST-000347,"$5,804.72",PERSONAL,9.69,12,B,0.3456,Current,2022-10-17
LOAN-000518,CUST-000347,"$5,593.25",VENTURE,10.26,48,B,0.2564,Fully Paid,2022-09-27
LOAN-000519,CUST-000348,"$9,714.33",MEDICAL,13.65,48,C,0.1129,Current,2023-02-14
LOAN-000520,CUST-000349,"$4,229.44",DEBTCONSOLIDATION,15.50,24,D,0.1727,Charged Off / Default,2022-07-18
LOAN-000521,CUST-000350,"$9,871.00",DEBTCONSOLIDATION,12.31,24,C,0.2118,Fully Paid,2022-10-28
LOAN-000522,CUST-000350,"$11,247.52",EDUCATION,12.12,60,C,0.1457,Fully Paid,2022-11-15
LOAN-000523,CUST-000351,"$4,427.66",VENTURE,9.49,24,B,0.1697,Fully Paid,2022-10-26
LOAN-000524,CUST-000351,"$8,597.87",VENTURE,7.15,24,A,0.2739,Fully Paid,2022-11-27
LOAN-000525,CUST-000352,"$18,913.08",HOMEIMPROVEMENT,11.68,48,C,0.2708,Current,2022-11-20
LOAN-000526,CUST-000352,"$29,591.03",HOMEIMPROVEMENT,6.31,24,A,0.3346,Current,2022-10-22
LOAN-000527,CUST-000353,"$19,856.56",DEBTCONSOLIDATION,11.61,24,C,0.3878,Current,2022-06-08
LOAN-000528,CUST-000354,"$19,080.48",EDUCATION,11.26,24,B,0.3274,Fully Paid,2022-10-14
LOAN-000529,CUST-000354,"$17,102.30",HOMEIMPROVEMENT,14.90,48,D,0.2703,Current,2022-08-31
LOAN-000530,CUST-000355,"$17,370.39",HOMEIMPROVEMENT,9.55,12,B,0.6173,Fully Paid,2022-10-17
LOAN-000531,CUST-000355,"$3,977.66",PERSONAL,10.29,24,B,0.2012,Fully Paid,2022-12-04
LOAN-000532,CUST-000356,"$10,261.90",PERSONAL,13.89,12,C,0.5771,Current,2023-02-13
LOAN-000533,CUST-000356,"$2,167.99",PERSONAL,12.50,48,C,0.2321,Fully Paid,2023-01-19
LOAN-000534,CUST-000357,"$5,743.88",VENTURE,13.33,24,C,0.3047,Current,2022-11-20
LOAN-000535,CUST-000358,"$13,445.25",DEBTCONSOLIDATION,10.22,24,B,0.2000,Fully Paid,2022-05-16
LOAN-000536,CUST-000358,"$5,244.50",EDUCATION,7.68,24,A,0.1354,Fully Paid,2022-03-23
LOAN-000537,CUST-000359,"$9,739.68",HOMEIMPROVEMENT,11.32,48,B,0.3452,Current,2022-12-11
LOAN-000538,CUST-000360,"$11,214.96",DEBTCONSOLIDATION,8.78,48,B,0.2872,Current,2023-02-16
LOAN-000539,CUST-000360,"$5,937.96",MEDICAL,10.33,24,B,0.0952,Late (16-30 days),2023-03-28
LOAN-000540,CUST-000361,"$14,849.98",EDUCATION,14.55,36,D,0.2682,Late (31-120 days),2022-04-26
LOAN-000541,CUST-000361,"$21,714.66",VENTURE,12.63,60,C,0.1701,Late (31-120 days),2022-07-24
LOAN-000542,CUST-000362,"$12,231.91",HOMEIMPROVEMENT,5.50,60,A,0.1652,Late (16-30 days),2022-11-19
LOAN-000543,CUST-000362,"$8,810.08",DEBTCONSOLIDATION,6.88,60,A,0.2434,Fully Paid,2022-10-04
LOAN-000544,CUST-000363,"$8,926.34",DEBTCONSOLIDATION,14.24,12,C,0.5593,Current,2022-11-09
LOAN-000545,CUST-000364,"$7,149.05",PERSONAL,14.40,24,C,0.2929,Fully Paid,2023-02-18
LOAN-000546,CUST-000364,"$10,813.71",PERSONAL,15.67,36,D,0.2703,Fully Paid,2023-02-03
LOAN-000547,CUST-000365,"$10,767.11",PERSONAL,10.87,48,B,0.1114,Fully Paid,2022-12-29
LOAN-000548,CUST-000365,"$3,925.92",PERSONAL,13.82,48,C,0.2319,Current,2022-12-07
LOAN-000549,CUST-000366,"$11,239.71",PERSONAL,18.52,24,E,0.2312,Charged Off / Default,2022-07-08
LOAN-000550,CUST-000367,"$4,203.37",MEDICAL,18.81,60,E,0.1616,Fully Paid,2022-12-14
LOAN-000551,CUST-000368,"$15,755.37",DEBTCONSOLIDATION,16.00,48,D,0.2910,Fully Paid,2022-09-13
LOAN-000552,CUST-000369,"$3,782.00",VENTURE,12.89,24,C,0.1544,Fully Paid,2022-08-25
LOAN-000553,CUST-000370,"$6,520.29",EDUCATION,12.66,12,C,0.3852,Fully Paid,2023-01-07
LOAN-000554,CUST-000371,"$2,207.33",VENTURE,12.34,48,C,0.2566,Current,2022-10-16
LOAN-000555,CUST-000371,"$2,441.66",HOMEIMPROVEMENT,12.68,48,C,0.1536,Fully Paid,2022-10-30
LOAN-000556,CUST-000372,"$12,774.68",DEBTCONSOLIDATION,16.81,36,D,0.1333,Fully Paid,2022-12-20
LOAN-000557,CUST-000373,"$18,802.79",VENTURE,11.96,24,C,0.2815,Fully Paid,2023-02-14
LOAN-000558,CUST-000373,"$15,829.73",DEBTCONSOLIDATION,10.11,60,B,0.3079,Current,2023-04-01
LOAN-000559,CUST-000374,"$17,508.38",VENTURE,17.12,48,D,0.1184,Late (31-120 days),2022-08-27
LOAN-000560,CUST-000375,"$10,016.53",VENTURE,10.84,48,B,0.1543,Fully Paid,2022-10-26
LOAN-000561,CUST-000375,"$5,516.71",PERSONAL,10.35,24,B,0.2221,Fully Paid,2022-10-01
LOAN-000562,CUST-000376,"$16,644.80",VENTURE,10.15,60,B,0.2875,Fully Paid,2022-09-23
LOAN-000563,CUST-000376,"$3,990.53",MEDICAL,12.39,24,C,0.1567,Current,2022-10-18
LOAN-000564,CUST-000377,"$11,664.88",VENTURE,11.82,60,C,0.2708,Current,2022-11-08
LOAN-000565,CUST-000378,"$4,682.26",EDUCATION,11.12,60,B,0.2705,Current,2022-10-14
LOAN-000566,CUST-000379,"$5,809.90",VENTURE,11.61,48,C,0.1372,Current,2022-08-13
LOAN-000567,CUST-000380,"$35,781.18",EDUCATION,17.07,36,D,0.3463,Charged Off / Default,2023-03-04
LOAN-000568,CUST-000380,"$26,179.81",HOMEIMPROVEMENT,18.15,48,E,0.2367,Fully Paid,2023-02-25
LOAN-000569,CUST-000381,"$11,253.33",PERSONAL,9.42,48,B,0.0973,Current,2022-12-24
LOAN-000570,CUST-000382,"$3,092.89",DEBTCONSOLIDATION,16.06,36,D,0.2325,Late (31-120 days),2023-02-13
LOAN-000571,CUST-000382,"$7,258.60",PERSONAL,13.91,36,C,0.2572,Fully Paid,2023-01-17
LOAN-000572,CUST-000383,"$24,478.59",VENTURE,10.44,12,B,0.5077,Current,2022-06-18
LOAN-000573,CUST-000384,"$9,759.48",EDUCATION,11.94,60,C,0.1504,Fully Paid,2022-04-18
LOAN-000574,CUST-000384,"$6,423.49",HOMEIMPROVEMENT,12.87,48,C,0.1320,Fully Paid,2022-04-03
LOAN-000575,CUST-000385,"$9,017.59",HOMEIMPROVEMENT,13.12,12,C,0.4608,Fully Paid,2022-11-20
LOAN-000576,CUST-000385,"$3,644.85",VENTURE,16.32,48,D,0.1611,Fully Paid,2022-11-04
LOAN-000577,CUST-000386,"$9,905.39",VENTURE,15.57,48,D,0.1267,Charged Off / Default,2022-06-29
LOAN-000578,CUST-000386,"$23,059.12",DEBTCONSOLIDATION,16.92,60,D,0.1861,Current,2022-06-12
LOAN-000579,CUST-000387,"$5,665.92",EDUCATION,9.57,12,B,0.4765,Current,2022-05-09
LOAN-000580,CUST-000387,"$2,812.30",VENTURE,8.38,36,A,0.2576,Current,2022-05-25
LOAN-000581,CUST-000388,"$13,353.75",VENTURE,12.84,36,C,0.1711,Fully Paid,2022-09-14
LOAN-000582,CUST-000388,"$3,206.24",EDUCATION,14.43,36,C,0.1914,Fully Paid,2022-10-09
LOAN-000583,CUST-000389,"$5,548.32",EDUCATION,11.27,48,B,0.1590,Fully Paid,2022-08-14
LOAN-000584,CUST-000390,"$22,078.58",PERSONAL,11.19,60,B,0.1427,Fully Paid,2022-12-01
LOAN-000585,CUST-000391,"$14,817.24",HOMEIMPROVEMENT,14.37,24,C,0.3405,Current,2022-12-13
LOAN-000586,CUST-000392,"$4,161.47",MEDICAL,9.12,48,B,0.1593,Fully Paid,2022-11-02
LOAN-000587,CUST-000392,"$6,800.44",VENTURE,12.30,36,C,0.3285,Fully Paid,2022-11-15
LOAN-000588,CUST-000393,"$12,894.29",MEDICAL,12.91,24,C,0.3102,Fully Paid,2022-03-15
LOAN-000589,CUST-000394,"$14,384.50",DEBTCONSOLIDATION,10.83,36,B,0.2914,Fully Paid,2022-11-05
LOAN-000590,CUST-000394,"$4,299.02",PERSONAL,12.65,36,C,0.1594,Fully Paid,2023-01-23
LOAN-000591,CUST-000395,"$8,127.18",MEDICAL,11.28,12,B,0.4353,Current,2022-09-16
LOAN-000592,CUST-000396,"$11,800.54",HOMEIMPROVEMENT,11.56,60,C,0.1454,Fully Paid,2022-12-09
LOAN-000593,CUST-000397,"$9,028.60",HOMEIMPROVEMENT,11.36,48,B,0.2692,Current,2022-12-10
LOAN-000594,CUST-000397,"$2,933.80",PERSONAL,10.58,48,B,0.1960,Fully Paid,2022-10-03
LOAN-000595,CUST-000398,"$2,626.89",DEBTCONSOLIDATION,11.54,24,C,0.0870,Current,2022-05-25
LOAN-000596,CUST-000399,"$3,421.66",PERSONAL,10.06,48,B,0.1846,Fully Paid,2022-11-17
LOAN-000597,CUST-000400,"$10,563.18",PERSONAL,16.10,12,D,0.3077,Current,2022-06-06
LOAN-000598,CUST-000401,"$3,491.14",VENTURE,5.50,36,A,0.1585,Fully Paid,2022-07-30
LOAN-000599,CUST-000401,"$16,802.08",EDUCATION,5.50,24,A,0.3833,Current,2022-09-01
LOAN-000600,CUST-000402,"$5,980.70",DEBTCONSOLIDATION,8.84,48,B,0.1772,Fully Paid,2022-07-23
LOAN-000601,CUST-000403,"$15,846.16",PERSONAL,10.81,48,B,0.2207,Late (16-30 days),2022-11-18
LOAN-000602,CUST-000404,"$7,198.66",MEDICAL,16.97,60,D,0.1569,Current,2022-09-02
LOAN-000603,CUST-000405,"$2,055.82",VENTURE,12.12,60,C,0.2082,Current,2023-01-03
LOAN-000604,CUST-000406,"$10,036.39",MEDICAL,13.13,12,C,0.5062,Fully Paid,2022-06-02
LOAN-000605,CUST-000407,"$4,333.03",MEDICAL,15.09,24,D,0.2670,Fully Paid,2022-11-11
LOAN-000606,CUST-000408,"$6,177.04",PERSONAL,9.63,24,B,0.2781,Fully Paid,2022-12-15
LOAN-000607,CUST-000409,"$2,311.61",DEBTCONSOLIDATION,14.17,24,C,0.1747,Fully Paid,2023-01-21
LOAN-000608,CUST-000410,"$19,858.45",DEBTCONSOLIDATION,11.86,36,C,0.2652,Fully Paid,2022-10-29
LOAN-000609,CUST-000411,"$11,953.49",DEBTCONSOLIDATION,10.55,24,B,0.2850,Fully Paid,2022-07-23
LOAN-000610,CUST-000412,"$12,767.09",HOMEIMPROVEMENT,10.08,60,B,0.2447,Current,2022-07-27
LOAN-000611,CUST-000412,"$6,256.62",EDUCATION,10.01,60,B,0.1150,Current,2022-09-12
LOAN-000612,CUST-000413,"$8,616.76",DEBTCONSOLIDATION,5.98,60,A,0.1235,Fully Paid,2022-12-06
LOAN-000613,CUST-000413,"$4,664.54",EDUCATION,5.50,60,A,0.2502,Fully Paid,2022-11-17
LOAN-000614,CUST-000414,"$14,345.31",HOMEIMPROVEMENT,16.42,60,D,0.0956,Fully Paid,2023-01-10
LOAN-000615,CUST-000414,"$4,592.82",MEDICAL,14.83,12,D,0.1499,Current,2022-12-20
LOAN-000616,CUST-000415,"$23,326.71",MEDICAL,16.44,60,D,0.2860,Late (31-120 days),2022-08-10
LOAN-000617,CUST-000415,"$9,914.08",PERSONAL,12.13,60,C,0.2193,Current,2022-09-13
LOAN-000618,CUST-000416,"$6,106.82",EDUCATION,12.78,60,C,0.2063,Fully Paid,2022-10-15
LOAN-000619,CUST-000417,"$21,859.05",MEDICAL,11.01,12,B,0.3700,Fully Paid,2022-02-15
LOAN-000620,CUST-000418,"$2,759.56",PERSONAL,11.70,60,C,0.1875,Late (16-30 days),2023-01-29
LOAN-000621,CUST-000419,"$13,780.81",EDUCATION,9.92,24,B,0.3368,Fully Paid,2022-11-23
LOAN-000622,CUST-000419,"$2,469.33",PERSONAL,14.03,48,C,0.1878,Fully Paid,2022-09-27
LOAN-000623,CUST-000420,"$15,283.21",PERSONAL,10.00,60,B,0.1948,Current,2022-10-05
LOAN-000624,CUST-000421,"$2,038.06",PERSONAL,18.92,24,E,0.1638,Fully Paid,2022-03-04
LOAN-000625,CUST-000422,"$4,950.45",HOMEIMPROVEMENT,15.07,48,D,0.1570,Current,2022-12-20
LOAN-000626,CUST-000422,"$21,448.40",EDUCATION,13.06,48,C,0.1938,Current,2023-01-31
LOAN-000627,CUST-000423,"$13,055.48",VENTURE,10.43,12,B,0.4815,Late (16-30 days),2022-02-26
LOAN-000628,CUST-000424,"$4,345.60",HOMEIMPROVEMENT,14.21,12,C,0.3368,Late (31-120 days),2022-06-04
LOAN-000629,CUST-000424,"$4,173.02",VENTURE,11.94,12,C,0.4225,Fully Paid,2022-08-21
LOAN-000630,CUST-000425,"$21,381.92",DEBTCONSOLIDATION,15.25,60,D,0.3163,Current,2023-01-05
LOAN-000631,CUST-000425,"$10,616.01",MEDICAL,15.26,36,D,0.2797,Current,2023-02-02
LOAN-000632,CUST-000426,"$11,181.28",PERSONAL,13.07,48,C,0.2399,Fully Paid,2022-11-15
LOAN-000633,CUST-000427,"$4,423.09",VENTURE,10.23,48,B,0.1767,Fully Paid,2023-02-08
LOAN-000634,CUST-000427,"$5,506.80",VENTURE,12.30,48,C,0.2321,Fully Paid,2023-01-02
LOAN-000635,CUST-000428,"$11,028.41",MEDICAL,11.23,48,B,0.2025,Fully Paid,2022-11-30
LOAN-000636,CUST-000429,"$5,220.15",HOMEIMPROVEMENT,11.03,60,B,0.2602,Fully Paid,2022-03-24
LOAN-000637,CUST-000429,"$7,778.65",DEBTCONSOLIDATION,10.23,60,B,0.1990,Current,2022-05-20
LOAN-000638,CUST-000430,"$14,476.06",HOMEIMPROVEMENT,12.67,36,C,0.1420,Late (31-120 days),2023-03-17
LOAN-000639,CUST-000431,"$8,726.53",DEBTCONSOLIDATION,11.37,12,B,0.5475,Fully Paid,2022-07-01
LOAN-000640,CUST-000431,"$5,103.33",MEDICAL,11.31,12,B,0.3049,Current,2022-06-05
LOAN-000641,CUST-000432,"$13,143.58",VENTURE,10.71,24,B,0.2796,Current,2022-12-10
LOAN-000642,CUST-000433,"$7,944.56",DEBTCONSOLIDATION,9.37,12,B,0.3785,Current,2022-12-21
LOAN-000643,CUST-000434,"$2,912.40",DEBTCONSOLIDATION,13.26,12,C,0.2542,Current,2022-09-05
LOAN-000644,CUST-000435,"$8,264.27",DEBTCONSOLIDATION,7.73,12,A,0.4505,Current,2022-09-25
LOAN-000645,CUST-000435,"$2,950.49",HOMEIMPROVEMENT,7.70,24,A,0.2183,Fully Paid,2022-09-06
LOAN-000646,CUST-000436,"$4,755.46",EDUCATION,14.11,12,C,0.3246,Fully Paid,2023-02-05
LOAN-000647,CUST-000437,"$20,547.32",PERSONAL,10.39,60,B,0.2240,Fully Paid,2022-09-19
LOAN-000648,CUST-000437,"$14,472.96",VENTURE,7.73,48,A,0.2198,Fully Paid,2022-11-16
LOAN-000649,CUST-000438,"$5,968.39",MEDICAL,8.08,48,A,0.2609,Late (16-30 days),2022-05-08
LOAN-000650,CUST-000439,"$6,495.55",PERSONAL,13.44,48,C,0.1008,Current,2023-01-16
LOAN-000651,CUST-000439,"$14,356.69",PERSONAL,9.48,36,B,0.1945,Late (16-30 days),2023-01-25
LOAN-000652,CUST-000440,"$9,579.42",PERSONAL,12.03,36,C,0.2067,Current,2022-08-05
LOAN-000653,CUST-000440,"$21,258.10",PERSONAL,8.76,36,B,0.2792,Fully Paid,2022-06-28
LOAN-000654,CUST-000441,"$9,257.06",HOMEIMPROVEMENT,17.76,24,E,0.3614,Charged Off / Default,2022-10-29
LOAN-000655,CUST-000442,"$11,754.93",MEDICAL,7.31,12,A,0.5480,Fully Paid,2022-08-04
LOAN-000656,CUST-000443,"$5,420.57",MEDICAL,12.00,36,C,0.1918,Fully Paid,2023-01-21
LOAN-000657,CUST-000444,"$5,195.88",EDUCATION,8.43,48,A,0.1137,Late (16-30 days),2022-08-30
LOAN-000658,CUST-000445,"$9,741.02",DEBTCONSOLIDATION,13.19,24,C,0.2823,Current,2022-10-23
LOAN-000659,CUST-000445,"$8,456.28",PERSONAL,14.13,24,C,0.3947,Fully Paid,2023-01-12
LOAN-000660,CUST-000446,"$14,580.41",MEDICAL,11.05,48,B,0.1890,Fully Paid,2022-10-19
LOAN-000661,CUST-000447,"$14,742.84",HOMEIMPROVEMENT,6.66,12,A,0.5375,Fully Paid,2022-11-04
LOAN-000662,CUST-000448,"$15,315.15",PERSONAL,12.20,60,C,0.2893,Late (16-30 days),2022-08-13
LOAN-000663,CUST-000448,"$13,393.00",HOMEIMPROVEMENT,12.91,12,C,0.4109,Current,2022-05-12
LOAN-000664,CUST-000449,"$5,275.60",PERSONAL,13.67,36,C,0.2048,Late (31-120 days),2022-08-17
LOAN-000665,CUST-000449,"$10,592.41",EDUCATION,17.17,36,D,0.3638,Late (31-120 days),2022-07-01
LOAN-000666,CUST-000450,"$12,820.31",DEBTCONSOLIDATION,7.07,24,A,0.1699,Fully Paid,2022-08-08
LOAN-000667,CUST-000451,"$7,996.58",MEDICAL,15.16,48,D,0.2498,Charged Off / Default,2022-04-03
LOAN-000668,CUST-000452,"$12,694.49",HOMEIMPROVEMENT,10.21,12,B,0.4401,Fully Paid,2023-01-10
LOAN-000669,CUST-000452,"$4,466.69",VENTURE,7.51,12,A,0.3691,Current,2023-01-19
LOAN-000670,CUST-000453,"$7,742.99",DEBTCONSOLIDATION,8.71,24,B,0.2693,Late (16-30 days),2022-12-03
LOAN-000671,CUST-000454,"$14,259.74",HOMEIMPROVEMENT,13.36,36,C,0.3402,Late (16-30 days),2022-12-22
LOAN-000672,CUST-000454,"$16,235.04",VENTURE,16.50,60,D,0.1268,Fully Paid,2022-10-14
LOAN-000673,CUST-000455,"$3,770.51",EDUCATION,13.17,24,C,0.1320,Late (16-30 days),2023-02-13
LOAN-000674,CUST-000456,"$14,602.06",EDUCATION,12.74,48,C,0.1886,Fully Paid,2022-04-04
LOAN-000675,CUST-000456,"$13,747.85",MEDICAL,10.10,24,B,0.3195,Fully Paid,2022-04-13
LOAN-000676,CUST-000457,"$27,796.47",PERSONAL,12.49,60,C,0.1616,Fully Paid,2022-09-21
LOAN-000677,CUST-000458,"$7,246.82",DEBTCONSOLIDATION,5.50,36,A,0.2034,Current,2022-09-15
LOAN-000678,CUST-000458,"$14,959.06",VENTURE,7.42,12,A,0.3933,Fully Paid,2022-08-28
LOAN-000679,CUST-000459,"$11,714.96",PERSONAL,17.26,36,D,0.3547,Current,2022-04-22
LOAN-000680,CUST-000460,"$10,332.30",MEDICAL,15.06,60,D,0.2960,Late (16-30 days),2022-08-11
LOAN-000681,CUST-000460,"$9,111.76",HOMEIMPROVEMENT,15.55,36,D,0.3380,Late (16-30 days),2022-08-27
LOAN-000682,CUST-000461,"$9,196.53",PERSONAL,7.01,60,A,0.2636,Current,2022-10-07
LOAN-000683,CUST-000462,"$3,871.00",PERSONAL,15.77,60,D,0.2505,Current,2022-11-08
LOAN-000684,CUST-000463,"$6,313.93",EDUCATION,14.30,48,C,0.1640,Current,2022-03-22
LOAN-000685,CUST-000464,"$3,565.13",DEBTCONSOLIDATION,11.08,48,B,0.2622,Current,2022-07-29
LOAN-000686,CUST-000464,"$2,670.62",MEDICAL,11.29,12,B,0.3289,Fully Paid,2022-06-23
LOAN-000687,CUST-000465,"$23,676.88",DEBTCONSOLIDATION,11.14,60,B,0.2034,Current,2022-07-19
LOAN-000688,CUST-000466,"$3,511.21",HOMEIMPROVEMENT,15.06,12,D,0.2546,Fully Paid,2022-03-27
LOAN-000689,CUST-000466,"$8,555.16",VENTURE,10.78,36,B,0.3478,Fully Paid,2022-05-25
LOAN-000690,CUST-000467,"$8,903.13",DEBTCONSOLIDATION,9.50,36,B,0.1505,Current,2022-06-18
LOAN-000691,CUST-000467,"$10,065.20",MEDICAL,9.73,24,B,0.3810,Fully Paid,2022-04-29
LOAN-000692,CUST-000468,"$5,645.59",EDUCATION,14.05,12,C,0.3278,Fully Paid,2022-09-29
LOAN-000693,CUST-000469,"$39,492.79",DEBTCONSOLIDATION,12.86,60,C,0.3200,Charged Off / Default,2022-10-28
LOAN-000694,CUST-000470,"$17,927.07",PERSONAL,13.97,60,C,0.3260,Fully Paid,2022-12-07
LOAN-000695,CUST-000471,"$10,815.78",EDUCATION,12.63,24,C,0.3037,Fully Paid,2023-02-21
LOAN-000696,CUST-000472,"$37,461.99",DEBTCONSOLIDATION,9.99,60,B,0.2233,Late (16-30 days),2022-04-11
LOAN-000697,CUST-000473,"$19,442.31",MEDICAL,15.80,24,D,0.3374,Current,2022-07-26
LOAN-000698,CUST-000473,"$15,239.92",EDUCATION,13.47,36,C,0.3429,Late (16-30 days),2022-08-17
LOAN-000699,CUST-000474,"$4,353.42",HOMEIMPROVEMENT,8.95,36,B,0.1897,Fully Paid,2022-10-13
LOAN-000700,CUST-000475,"$5,917.67",DEBTCONSOLIDATION,13.33,36,C,0.2828,Current,2023-01-09
LOAN-000701,CUST-000475,"$12,860.18",EDUCATION,12.43,12,C,0.4315,Current,2022-11-21
LOAN-000702,CUST-000476,"$2,974.37",EDUCATION,17.05,12,D,0.2456,Fully Paid,2022-11-20
LOAN-000703,CUST-000477,"$5,625.95",PERSONAL,13.57,48,C,0.2597,Fully Paid,2022-11-24
LOAN-000704,CUST-000477,"$9,962.05",PERSONAL,15.17,24,D,0.2103,Fully Paid,2023-02-02
LOAN-000705,CUST-000478,"$18,609.11",MEDICAL,11.34,36,B,0.2854,Fully Paid,2022-12-14
LOAN-000706,CUST-000479,"$9,635.73",MEDICAL,9.75,48,B,0.1431,Current,2022-10-13
LOAN-000707,CUST-000479,"$16,712.18",DEBTCONSOLIDATION,11.86,24,C,0.3033,Fully Paid,2022-08-05
LOAN-000708,CUST-000480,"$15,018.06",PERSONAL,13.83,60,C,0.1523,Fully Paid,2023-03-09
LOAN-000709,CUST-000481,"$2,727.72",DEBTCONSOLIDATION,16.25,12,D,0.2739,Current,2022-11-08
LOAN-000710,CUST-000481,"$12,437.52",VENTURE,14.30,48,C,0.2965,Fully Paid,2022-11-28
LOAN-000711,CUST-000482,"$13,823.01",EDUCATION,13.11,60,C,0.2098,Charged Off / Default,2022-12-27
LOAN-000712,CUST-000483,"$20,495.88",DEBTCONSOLIDATION,6.46,48,A,0.2015,Fully Paid,2022-09-05
LOAN-000713,CUST-000484,"$9,158.74",EDUCATION,9.30,36,B,0.2732,Current,2023-01-27
LOAN-000714,CUST-000484,"$2,145.12",VENTURE,8.37,60,A,0.2345,Fully Paid,2023-03-01
LOAN-000715,CUST-000485,"$13,179.79",EDUCATION,10.74,48,B,0.2322,Fully Paid,2022-04-07
LOAN-000716,CUST-000486,"$5,094.03",HOMEIMPROVEMENT,8.83,48,B,0.1431,Fully Paid,2022-07-12
LOAN-000717,CUST-000486,"$7,232.26",PERSONAL,7.51,48,A,0.2358,Fully Paid,2022-07-18
LOAN-000718,CUST-000487,"$12,183.69",PERSONAL,10.68,48,B,0.1893,Fully Paid,2022-05-02
LOAN-000719,CUST-000487,"$18,690.50",PERSONAL,10.10,48,B,0.1603,Fully Paid,2022-05-08
LOAN-000720,CUST-000488,"$3,028.96",MEDICAL,13.08,12,C,0.3368,Fully Paid,2023-03-02
LOAN-000721,CUST-000489,"$8,218.80",DEBTCONSOLIDATION,9.98,48,B,0.1088,Fully Paid,2022-11-16
LOAN-000722,CUST-000489,"$5,436.21",VENTURE,10.00,36,B,0.2101,Current,2022-09-21
LOAN-000723,CUST-000490,"$2,122.72",VENTURE,15.10,12,D,0.2456,Fully Paid,2022-04-11
LOAN-000724,CUST-000490,"$8,945.95",HOMEIMPROVEMENT,15.96,12,D,0.4545,Late (31-120 days),2022-05-31
LOAN-000725,CUST-000491,"$12,190.60",DEBTCONSOLIDATION,11.91,24,C,0.3026,Late (31-120 days),2022-05-25
LOAN-000726,CUST-000491,"$7,327.46",MEDICAL,14.79,36,D,0.1490,Late (31-120 days),2022-06-22
LOAN-000727,CUST-000492,"$26,786.38",PERSONAL,8.98,12,B,0.5667,Current,2022-10-16
LOAN-000728,CUST-000493,"$6,430.40",DEBTCONSOLIDATION,11.58,24,C,0.2345,Fully Paid,2022-07-17
LOAN-000729,CUST-000494,"$3,576.98",EDUCATION,14.23,60,C,0.0848,Fully Paid,2022-04-13
LOAN-000730,CUST-000495,"$9,041.95",VENTURE,13.34,12,C,0.6409,Fully Paid,2022-07-30
LOAN-000731,CUST-000495,"$4,759.56",HOMEIMPROVEMENT,16.23,36,D,0.3100,Current,2022-07-23
LOAN-000732,CUST-000496,"$28,434.16",MEDICAL,14.02,60,C,0.1203,Fully Paid,2022-05-06
LOAN-000733,CUST-000497,"$22,060.00",DEBTCONSOLIDATION,11.93,48,C,0.3154,Late (16-30 days),2022-09-15
LOAN-000734,CUST-000497,"$9,373.23",HOMEIMPROVEMENT,14.34,36,C,0.2386,Late (31-120 days),2022-11-07
LOAN-000735,CUST-000498,"$9,738.87",DEBTCONSOLIDATION,9.75,60,B,0.2274,Current,2023-03-17
LOAN-000736,CUST-000499,"$8,405.16",HOMEIMPROVEMENT,12.05,12,C,0.3436,Current,2022-05-06
LOAN-000737,CUST-000499,"$11,642.74",VENTURE,12.88,36,C,0.2892,Current,2022-05-28
LOAN-000738,CUST-000500,"$20,225.43",HOMEIMPROVEMENT,8.70,36,B,0.2846,Current,2022-09-07
LOAN-000739,CUST-000500,"$33,731.04",EDUCATION,11.02,12,B,0.5236,Current,2022-10-14
LOAN-000740,CUST-000501,"$6,386.99",MEDICAL,12.80,12,C,0.3545,Fully Paid,2022-06-28
LOAN-000741,CUST-000502,"$3,010.84",MEDICAL,15.89,36,D,0.0962,Current,2022-10-25
LOAN-000742,CUST-000503,"$3,767.27",MEDICAL,17.18,12,D,0.1997,Current,2022-12-07
LOAN-000743,CUST-000503,"$11,318.10",HOMEIMPROVEMENT,17.90,60,E,0.2662,Charged Off / Default,2022-11-03
LOAN-000744,CUST-000504,"$7,611.65",MEDICAL,11.63,24,C,0.3200,Current,2023-03-09
LOAN-000745,CUST-000505,"$4,133.42",HOMEIMPROVEMENT,16.67,36,D,0.2281,Charged Off / Default,2023-02-05
LOAN-000746,CUST-000506,"$26,067.86",MEDICAL,12.13,12,C,0.4017,Fully Paid,2022-12-20
LOAN-000747,CUST-000506,"$14,639.00",VENTURE,14.01,60,C,0.2314,Fully Paid,2022-11-25
LOAN-000748,CUST-000507,"$6,947.38",EDUCATION,14.05,48,C,0.3010,Fully Paid,2023-02-14
LOAN-000749,CUST-000508,"$7,981.65",HOMEIMPROVEMENT,14.98,24,D,0.1196,Late (31-120 days),2022-06-18
LOAN-000750,CUST-000509,"$8,454.84",DEBTCONSOLIDATION,14.68,36,D,0.2545,Fully Paid,2022-08-02
LOAN-000751,CUST-000510,"$11,278.51",VENTURE,10.13,60,B,0.1234,Current,2022-08-15
LOAN-000752,CUST-000510,"$22,310.73",MEDICAL,15.22,60,D,0.3083,Current,2022-08-01
LOAN-000753,CUST-000511,"$12,274.39",EDUCATION,8.43,24,A,0.2979,Fully Paid,2022-09-03
LOAN-000754,CUST-000512,"$7,270.59",EDUCATION,9.82,24,B,0.2423,Fully Paid,2022-05-01
LOAN-000755,CUST-000513,"$14,591.56",HOMEIMPROVEMENT,9.01,12,B,0.4423,Fully Paid,2022-06-24
LOAN-000756,CUST-000514,"$14,677.56",EDUCATION,11.03,24,B,0.3335,Current,2023-01-06
LOAN-000757,CUST-000514,"$10,268.43",MEDICAL,11.18,60,B,0.2042,Fully Paid,2022-12-15
LOAN-000758,CUST-000515,"$7,724.89",PERSONAL,10.77,36,B,0.3107,Fully Paid,2022-07-10
LOAN-000759,CUST-000515,"$5,690.20",PERSONAL,12.31,12,C,0.3482,Current,2022-07-16
LOAN-000760,CUST-000516,"$22,719.98",PERSONAL,12.59,36,C,0.2179,Fully Paid,2022-10-07
LOAN-000761,CUST-000516,"$31,654.25",PERSONAL,7.25,60,A,0.2546,Fully Paid,2022-11-20
LOAN-000762,CUST-000517,"$14,613.42",VENTURE,14.58,12,D,0.3759,Charged Off / Default,2022-09-06
LOAN-000763,CUST-000517,"$2,269.95",DEBTCONSOLIDATION,13.26,48,C,0.1856,Charged Off / Default,2022-10-01
LOAN-000764,CUST-000518,"$2,886.89",VENTURE,13.29,24,C,0.2361,Fully Paid,2022-04-24
LOAN-000765,CUST-000519,"$8,178.05",EDUCATION,10.01,12,B,0.3144,Fully Paid,2022-11-01
LOAN-000766,CUST-000519,"$2,246.09",VENTURE,8.68,12,B,0.3114,Fully Paid,2022-12-28
LOAN-000767,CUST-000520,"$3,184.20",MEDICAL,14.79,36,D,0.1973,Late (31-120 days),2022-07-04
LOAN-000768,CUST-000520,"$2,489.86",EDUCATION,14.71,36,D,0.1769,Fully Paid,2022-07-26
LOAN-000769,CUST-000521,"$5,875.59",EDUCATION,10.20,24,B,0.1938,Fully Paid,2022-09-16
LOAN-000770,CUST-000521,"$14,136.02",DEBTCONSOLIDATION,7.77,60,A,0.2238,Late (16-30 days),2022-08-13
LOAN-000771,CUST-000522,"$7,276.77",VENTURE,5.50,48,A,0.1099,Late (16-30 days),2023-02-18
LOAN-000772,CUST-000523,"$5,018.94",PERSONAL,10.46,60,B,0.2575,Current,2022-11-02
LOAN-000773,CUST-000523,"$5,582.62",PERSONAL,8.42,48,A,0.1384,Current,2022-09-30
LOAN-000774,CUST-000524,"$16,053.66",MEDICAL,10.23,60,B,0.1679,Current,2022-02-08
LOAN-000775,CUST-000524,"$7,010.60",PERSONAL,9.89,24,B,0.2071,Current,2022-03-17
LOAN-000776,CUST-000525,"$8,699.21",PERSONAL,14.86,60,D,0.2427,Late (16-30 days),2022-11-29
LOAN-000777,CUST-000525,"$18,230.89",HOMEIMPROVEMENT,14.01,24,C,0.2188,Late (31-120 days),2022-10-04
LOAN-000778,CUST-000526,"$16,311.93",EDUCATION,9.90,12,B,0.5456,Fully Paid,2022-12-25
LOAN-000779,CUST-000527,"$26,646.03",DEBTCONSOLIDATION,14.38,36,C,0.3579,Fully Paid,2023-02-14
LOAN-000780,CUST-000528,"$5,246.85",DEBTCONSOLIDATION,13.60,24,C,0.2751,Fully Paid,2022-09-28
LOAN-000781,CUST-000529,"$7,658.95",EDUCATION,5.95,48,A,0.1716,Fully Paid,2023-03-20
LOAN-000782,CUST-000530,"$5,371.87",PERSONAL,17.39,48,D,0.2589,Fully Paid,2022-06-05
LOAN-000783,CUST-000531,"$34,966.89",PERSONAL,10.06,24,B,0.3254,Fully Paid,2022-05-28
LOAN-000784,CUST-000531,"$8,830.24",EDUCATION,9.63,60,B,0.2391,Current,2022-05-16
LOAN-000785,CUST-000532,"$23,052.37",DEBTCONSOLIDATION,5.50,12,A,0.3646,Fully Paid,2022-03-05
LOAN-000786,CUST-000533,"$14,553.09",PERSONAL,17.76,60,E,0.3100,Charged Off / Default,2022-11-16
LOAN-000787,CUST-000534,"$10,296.64",HOMEIMPROVEMENT,14.01,12,C,0.4047,Current,2022-09-07
LOAN-000788,CUST-000534,"$2,729.90",VENTURE,12.45,60,C,0.2238,Current,2022-09-09
LOAN-000789,CUST-000535,"$3,121.41",MEDICAL,15.35,36,D,0.1941,Fully Paid,2023-03-23
LOAN-000790,CUST-000536,"$23,855.48",MEDICAL,13.92,24,C,0.2794,Current,2023-01-05
LOAN-000791,CUST-000537,"$9,727.47",VENTURE,17.28,48,D,0.2142,Charged Off / Default,2022-06-26
LOAN-000792,CUST-000537,"$14,803.16",MEDICAL,18.47,24,E,0.2526,Charged Off / Default,2022-08-24
LOAN-000793,CUST-000538,"$13,331.21",EDUCATION,12.41,36,C,0.3067,Fully Paid,2022-06-29
LOAN-000794,CUST-000538,"$11,483.30",MEDICAL,10.46,48,B,0.2165,Fully Paid,2022-09-25
LOAN-000795,CUST-000539,"$13,725.46",PERSONAL,11.23,24,B,0.3255,Late (16-30 days),2022-11-21
LOAN-000796,CUST-000539,"$5,632.93",VENTURE,6.79,60,A,0.1824,Current,2023-01-05
LOAN-000797,CUST-000540,"$7,051.57",EDUCATION,7.98,24,A,0.3214,Fully Paid,2023-03-14
LOAN-000798,CUST-000540,"$14,221.85",DEBTCONSOLIDATION,8.80,60,B,0.2737,Fully Paid,2023-02-12
LOAN-000799,CUST-000541,"$8,155.04",VENTURE,12.69,60,C,0.0843,Fully Paid,2022-06-28
LOAN-000800,CUST-000541,"$7,235.64",PERSONAL,14.93,12,D,0.2831,Fully Paid,2022-07-16
LOAN-000801,CUST-000542,"$28,863.42",VENTURE,11.51,60,C,0.2720,Late (31-120 days),2022-04-16
LOAN-000802,CUST-000543,"$11,411.94",EDUCATION,10.54,60,B,0.1619,Current,2023-02-14
LOAN-000803,CUST-000543,"$9,465.01",DEBTCONSOLIDATION,12.48,48,C,0.1272,Current,2023-01-19
LOAN-000804,CUST-000544,"$7,710.43",HOMEIMPROVEMENT,16.61,12,D,0.5233,Late (16-30 days),2022-06-29
LOAN-000805,CUST-000545,"$28,248.07",HOMEIMPROVEMENT,13.86,24,C,0.4257,Charged Off / Default,2022-06-30
LOAN-000806,CUST-000546,"$3,727.58",MEDICAL,12.35,24,C,0.1748,Current,2022-06-17
LOAN-000807,CUST-000547,"$14,181.85",VENTURE,16.17,36,D,0.2845,Late (31-120 days),2022-07-13
LOAN-000808,CUST-000548,"$16,455.39",PERSONAL,10.40,48,B,0.1949,Current,2022-02-22
LOAN-000809,CUST-000548,"$18,302.15",VENTURE,10.30,48,B,0.2704,Current,2022-03-29
LOAN-000810,CUST-000549,"$6,850.47",PERSONAL,9.29,48,B,0.1820,Current,2022-08-07
LOAN-000811,CUST-000549,"$20,060.56",VENTURE,8.94,48,B,0.2434,Late (16-30 days),2022-07-14
LOAN-000812,CUST-000550,"$3,077.53",DEBTCONSOLIDATION,6.05,36,A,0.1584,Current,2022-07-17
LOAN-000813,CUST-000550,"$10,406.21",MEDICAL,6.57,24,A,0.2008,Fully Paid,2022-06-09
LOAN-000814,CUST-000551,"$2,259.30",EDUCATION,10.39,12,B,0.2946,Fully Paid,2022-05-16
LOAN-000815,CUST-000551,"$9,024.36",EDUCATION,13.10,24,C,0.3703,Current,2022-03-28
LOAN-000816,CUST-000552,"$2,609.21",DEBTCONSOLIDATION,11.68,36,C,0.1342,Late (16-30 days),2022-07-08
LOAN-000817,CUST-000553,"$3,025.83",DEBTCONSOLIDATION,12.23,48,C,0.2248,Fully Paid,2022-11-08
LOAN-000818,CUST-000553,"$4,473.34",EDUCATION,12.30,24,C,0.1657,Fully Paid,2022-11-08
LOAN-000819,CUST-000554,"$12,665.28",DEBTCONSOLIDATION,13.06,36,C,0.1978,Late (31-120 days),2023-03-29
LOAN-000820,CUST-000554,"$14,731.72",PERSONAL,12.99,12,C,0.4706,Late (31-120 days),2023-02-17
LOAN-000821,CUST-000555,"$27,709.73",VENTURE,6.48,36,A,0.3204,Fully Paid,2023-01-11
LOAN-000822,CUST-000556,"$13,350.12",EDUCATION,12.85,36,C,0.1551,Fully Paid,2022-09-04
LOAN-000823,CUST-000557,"$14,129.15",VENTURE,11.90,36,C,0.3516,Current,2022-12-07
LOAN-000824,CUST-000558,"$18,451.16",VENTURE,8.63,48,B,0.2388,Current,2022-08-20
LOAN-000825,CUST-000558,"$2,596.85",PERSONAL,7.77,24,A,0.2624,Current,2022-09-28
LOAN-000826,CUST-000559,"$16,544.45",HOMEIMPROVEMENT,12.18,24,C,0.2058,Current,2022-12-02
LOAN-000827,CUST-000560,"$11,315.05",VENTURE,9.04,24,B,0.2953,Current,2022-07-30
LOAN-000828,CUST-000561,"$5,193.56",DEBTCONSOLIDATION,10.20,24,B,0.0979,Fully Paid,2023-02-14
LOAN-000829,CUST-000562,"$11,381.25",MEDICAL,9.18,60,B,0.1490,Fully Paid,2022-03-27
LOAN-000830,CUST-000563,"$6,366.76",VENTURE,12.49,12,C,0.2068,Fully Paid,2022-05-21
LOAN-000831,CUST-000564,"$14,489.84",PERSONAL,12.01,60,C,0.1487,Late (16-30 days),2022-10-06
LOAN-000832,CUST-000564,"$13,479.13",EDUCATION,11.74,12,C,0.2871,Current,2022-09-23
LOAN-000833,CUST-000565,"$25,207.48",MEDICAL,13.42,24,C,0.4119,Fully Paid,2022-07-27
LOAN-000834,CUST-000566,"$19,520.56",PERSONAL,9.70,36,B,0.1774,Current,2022-02-01
LOAN-000835,CUST-000566,"$7,935.01",PERSONAL,10.07,60,B,0.2724,Current,2022-03-12
LOAN-000836,CUST-000567,"$15,864.40",VENTURE,14.14,24,C,0.3007,Fully Paid,2022-05-06
LOAN-000837,CUST-000568,"$7,136.81",MEDICAL,8.62,36,B,0.1592,Current,2022-09-02
LOAN-000838,CUST-000568,"$22,048.02",PERSONAL,10.30,60,B,0.2505,Fully Paid,2022-07-31
LOAN-000839,CUST-000569,"$17,318.85",PERSONAL,13.11,36,C,0.3020,Current,2022-09-11
LOAN-000840,CUST-000569,"$5,533.70",EDUCATION,12.97,60,C,0.2750,Current,2022-09-04
LOAN-000841,CUST-000570,"$5,108.68",DEBTCONSOLIDATION,5.51,48,A,0.0917,Fully Paid,2022-02-01
LOAN-000842,CUST-000570,"$6,277.51",HOMEIMPROVEMENT,7.95,48,A,0.1930,Current,2022-03-11
LOAN-000843,CUST-000571,"$11,538.15",MEDICAL,11.33,36,B,0.2802,Current,2022-08-09
LOAN-000844,CUST-000571,"$10,403.12",MEDICAL,12.82,24,C,0.3021,Fully Paid,2022-07-09
LOAN-000845,CUST-000572,"$11,797.40",DEBTCONSOLIDATION,9.57,36,B,0.1543,Late (31-120 days),2022-05-23
LOAN-000846,CUST-000572,"$2,523.48",PERSONAL,13.67,60,C,0.2074,Fully Paid,2022-03-01
LOAN-000847,CUST-000573,"$5,957.81",PERSONAL,9.15,48,B,0.1638,Late (16-30 days),2022-08-20
LOAN-000848,CUST-000573,"$2,654.38",EDUCATION,11.64,60,C,0.2673,Fully Paid,2022-07-24
LOAN-000849,CUST-000574,"$33,036.81",EDUCATION,10.93,12,B,0.5853,Current,2023-03-06
LOAN-000850,CUST-000575,"$7,325.21",MEDICAL,8.04,12,A,0.3767,Fully Paid,2022-05-07
LOAN-000851,CUST-000575,"$11,112.46",HOMEIMPROVEMENT,9.32,48,B,0.2832,Current,2022-06-18
LOAN-000852,CUST-000576,"$18,252.66",VENTURE,10.04,60,B,0.2323,Fully Paid,2022-07-30
LOAN-000853,CUST-000576,"$5,725.09",VENTURE,10.96,12,B,0.3511,Current,2022-06-13
LOAN-000854,CUST-000577,"$9,695.99",HOMEIMPROVEMENT,12.15,60,C,0.1141,Late (16-30 days),2022-06-03
LOAN-000855,CUST-000578,"$11,792.78",VENTURE,11.34,36,B,0.1600,Fully Paid,2023-01-18
LOAN-000856,CUST-000578,"$31,714.13",DEBTCONSOLIDATION,11.91,24,C,0.2181,Fully Paid,2022-11-13
LOAN-000857,CUST-000579,"$11,863.08",HOMEIMPROVEMENT,12.44,12,C,0.5525,Current,2023-01-23
LOAN-000858,CUST-000579,"$10,549.63",PERSONAL,16.25,24,D,0.2946,Late (31-120 days),2023-01-12
LOAN-000859,CUST-000580,"$8,016.67",DEBTCONSOLIDATION,8.99,48,B,0.1399,Fully Paid,2022-06-20
LOAN-000860,CUST-000581,"$5,958.14",MEDICAL,14.18,12,C,0.2158,Late (31-120 days),2022-03-31
LOAN-000861,CUST-000582,"$22,544.22",EDUCATION,17.90,24,E,0.2071,Current,2022-07-31
LOAN-000862,CUST-000583,"$3,232.84",PERSONAL,12.66,36,C,0.1642,Late (16-30 days),2022-05-05
LOAN-000863,CUST-000584,"$2,046.07",MEDICAL,8.60,60,B,0.1451,Fully Paid,2023-01-18
LOAN-000864,CUST-000585,"$17,346.50",EDUCATION,9.03,36,B,0.2307,Fully Paid,2022-05-14
LOAN-000865,CUST-000585,"$12,355.77",PERSONAL,8.39,60,A,0.2093,Fully Paid,2022-05-11
LOAN-000866,CUST-000586,"$26,826.52",VENTURE,12.70,12,C,0.6160,Current,2022-09-01
LOAN-000867,CUST-000586,"$15,732.16",HOMEIMPROVEMENT,8.88,24,B,0.2299,Current,2022-12-02
LOAN-000868,CUST-000587,"$11,563.00",EDUCATION,10.10,36,B,0.2667,Current,2022-02-19
LOAN-000869,CUST-000587,"$7,430.75",VENTURE,12.60,60,C,0.1839,Late (16-30 days),2022-03-31
LOAN-000870,CUST-000588,"$29,753.72",EDUCATION,14.54,36,D,0.2385,Fully Paid,2022-07-03
LOAN-000871,CUST-000588,"$21,577.71",VENTURE,12.31,48,C,0.2607,Fully Paid,2022-07-06
LOAN-000872,CUST-000589,"$3,537.96",VENTURE,12.59,60,C,0.2371,Fully Paid,2022-11-21
LOAN-000873,CUST-000589,"$7,569.85",EDUCATION,11.05,24,B,0.3034,Current,2022-10-31
LOAN-000874,CUST-000590,"$12,343.37",PERSONAL,12.42,36,C,0.2751,Late (16-30 days),2022-05-23
LOAN-000875,CUST-000591,"$10,526.34",EDUCATION,9.85,60,B,0.2300,Late (16-30 days),2022-07-24
LOAN-000876,CUST-000592,"$9,083.93",DEBTCONSOLIDATION,10.51,24,B,0.4211,Fully Paid,2022-11-14
LOAN-000877,CUST-000592,"$3,955.90",DEBTCONSOLIDATION,14.09,48,C,0.1715,Fully Paid,2022-09-08
LOAN-000878,CUST-000593,"$11,913.79",DEBTCONSOLIDATION,9.96,36,B,0.1687,Current,2022-11-14
LOAN-000879,CUST-000594,"$32,914.92",VENTURE,14.66,60,D,0.1387,Fully Paid,2022-09-24
LOAN-000880,CUST-000594,"$28,395.19",DEBTCONSOLIDATION,15.81,24,D,0.3876,Fully Paid,2022-07-11
LOAN-000881,CUST-000595,"$2,580.45",DEBTCONSOLIDATION,11.73,24,C,0.2698,Fully Paid,2022-11-30
LOAN-000882,CUST-000596,"$7,633.50",MEDICAL,7.63,24,A,0.1805,Late (16-30 days),2022-12-12
LOAN-000883,CUST-000596,"$12,860.00",MEDICAL,7.86,48,A,0.2691,Fully Paid,2023-01-03
LOAN-000884,CUST-000597,"$3,285.18",HOMEIMPROVEMENT,14.46,48,C,0.1164,Fully Paid,2022-08-20
LOAN-000885,CUST-000598,"$20,080.81",MEDICAL,14.47,48,C,0.2058,Current,2022-09-16
LOAN-000886,CUST-000598,"$12,064.37",DEBTCONSOLIDATION,15.90,24,D,0.1963,Fully Paid,2022-08-05
LOAN-000887,CUST-000599,"$6,587.29",PERSONAL,9.43,12,B,0.5970,Fully Paid,2023-01-25
LOAN-000888,CUST-000600,"$4,038.41",MEDICAL,14.47,24,C,0.1174,Current,2022-06-16
LOAN-000889,CUST-000601,"$7,089.15",EDUCATION,10.04,48,B,0.2544,Fully Paid,2023-02-16
LOAN-000890,CUST-000602,"$19,760.39",PERSONAL,10.42,12,B,0.5915,Fully Paid,2022-09-26
LOAN-000891,CUST-000602,"$15,771.32",HOMEIMPROVEMENT,9.68,24,B,0.2770,Late (16-30 days),2022-12-15
LOAN-000892,CUST-000603,"$26,960.91",HOMEIMPROVEMENT,13.09,24,C,0.4227,Current,2022-05-14
LOAN-000893,CUST-000604,"$4,169.67",DEBTCONSOLIDATION,9.21,12,B,0.2665,Fully Paid,2022-10-16
LOAN-000894,CUST-000604,"$4,199.84",EDUCATION,12.59,60,C,0.1316,Current,2022-09-04
LOAN-000895,CUST-000605,"$3,636.77",VENTURE,12.51,12,C,0.3497,Fully Paid,2022-07-28
LOAN-000896,CUST-000605,"$4,522.98",HOMEIMPROVEMENT,9.71,60,B,0.2475,Fully Paid,2022-07-08
LOAN-000897,CUST-000606,"$17,996.93",DEBTCONSOLIDATION,13.17,12,C,0.3542,Current,2023-01-20
LOAN-000898,CUST-000607,"$2,666.82",MEDICAL,7.59,36,A,0.2396,Fully Paid,2022-07-12
LOAN-000899,CUST-000608,"$8,880.17",VENTURE,12.04,12,C,0.4161,Current,2022-06-27
LOAN-000900,CUST-000608,"$9,877.18",PERSONAL,12.52,24,C,0.1836,Late (31-120 days),2022-06-03
LOAN-000901,CUST-000609,"$25,592.63",VENTURE,10.86,48,B,0.2049,Current,2022-08-08
LOAN-000902,CUST-000609,"$27,188.85",VENTURE,10.83,12,B,0.6269,Current,2022-06-17
LOAN-000903,CUST-000610,"$5,184.29",PERSONAL,13.92,36,C,0.1515,Fully Paid,2022-12-24
LOAN-000904,CUST-000610,"$11,990.51",DEBTCONSOLIDATION,16.25,48,D,0.2828,Current,2022-10-31
LOAN-000905,CUST-000611,"$16,099.50",EDUCATION,11.64,36,C,0.2265,Fully Paid,2022-06-09
LOAN-000906,CUST-000611,"$17,744.75",DEBTCONSOLIDATION,9.39,48,B,0.2777,Fully Paid,2022-07-19
LOAN-000907,CUST-000612,"$6,280.89",EDUCATION,12.24,36,C,0.1144,Fully Paid,2023-01-25
LOAN-000908,CUST-000613,"$5,107.23",MEDICAL,16.56,60,D,0.2356,Charged Off / Default,2022-08-17
LOAN-000909,CUST-000613,"$13,075.50",PERSONAL,15.54,24,D,0.3521,Fully Paid,2022-09-19
LOAN-000910,CUST-000614,"$2,242.83",PERSONAL,10.95,24,B,0.1482,Current,2022-10-03
LOAN-000911,CUST-000614,"$2,258.05",EDUCATION,13.44,48,C,0.2282,Fully Paid,2022-11-10
LOAN-000912,CUST-000615,"$10,666.71",MEDICAL,10.13,36,B,0.3710,Fully Paid,2022-04-10
LOAN-000913,CUST-000616,"$2,747.82",EDUCATION,18.09,36,E,0.0794,Fully Paid,2022-12-15
LOAN-000914,CUST-000617,"$21,600.03",PERSONAL,15.72,36,D,0.2944,Charged Off / Default,2022-09-11
LOAN-000915,CUST-000617,"$20,354.03",MEDICAL,15.11,24,D,0.3851,Fully Paid,2022-07-21
LOAN-000916,CUST-000618,"$7,228.65",DEBTCONSOLIDATION,12.47,48,C,0.1291,Current,2022-03-16
LOAN-000917,CUST-000618,"$3,562.63",PERSONAL,12.49,48,C,0.2047,Current,2022-05-06
LOAN-000918,CUST-000619,"$6,675.32",HOMEIMPROVEMENT,5.50,36,A,0.2651,Fully Paid,2022-12-19
LOAN-000919,CUST-000620,"$9,837.83",PERSONAL,11.00,24,B,0.1852,Current,2022-09-01
LOAN-000920,CUST-000620,"$24,243.68",HOMEIMPROVEMENT,12.25,48,C,0.2566,Fully Paid,2022-09-02
LOAN-000921,CUST-000621,"$7,737.27",VENTURE,16.06,48,D,0.0877,Late (31-120 days),2023-01-07
LOAN-000922,CUST-000621,"$25,938.46",MEDICAL,13.52,12,C,0.6437,Fully Paid,2023-01-03
LOAN-000923,CUST-000622,"$6,508.43",MEDICAL,7.68,24,A,0.3145,Fully Paid,2022-04-19
LOAN-000924,CUST-000623,"$20,799.49",VENTURE,9.21,12,B,0.4987,Fully Paid,2023-01-30
LOAN-000925,CUST-000623,"$14,801.95",DEBTCONSOLIDATION,13.15,48,C,0.2667,Current,2022-12-04
LOAN-000926,CUST-000624,"$8,189.17",HOMEIMPROVEMENT,7.60,60,A,0.2135,Current,2022-09-25
LOAN-000927,CUST-000624,"$29,643.11",EDUCATION,8.19,60,A,0.2905,Fully Paid,2022-09-03
LOAN-000928,CUST-000625,"$6,779.75",MEDICAL,10.33,36,B,0.2608,Current,2022-09-08
LOAN-000929,CUST-000625,"$25,592.89",PERSONAL,8.67,36,B,0.3213,Current,2022-09-12
LOAN-000930,CUST-000626,"$6,922.35",VENTURE,9.84,36,B,0.1213,Current,2023-03-16
LOAN-000931,CUST-000626,"$18,435.40",VENTURE,10.34,48,B,0.3490,Current,2023-02-23
LOAN-000932,CUST-000627,"$6,998.68",PERSONAL,10.19,48,B,0.2410,Fully Paid,2022-05-09
LOAN-000933,CUST-000627,"$15,112.92",PERSONAL,10.91,60,B,0.1584,Fully Paid,2022-06-11
LOAN-000934,CUST-000628,"$14,635.28",DEBTCONSOLIDATION,13.65,12,C,0.5546,Fully Paid,2022-09-27
LOAN-000935,CUST-000629,"$6,081.45",DEBTCONSOLIDATION,16.73,36,D,0.3165,Fully Paid,2022-10-30
LOAN-000936,CUST-000630,"$4,873.74",VENTURE,11.13,12,B,0.2670,Late (31-120 days),2022-08-20
LOAN-000937,CUST-000631,"$5,977.50",HOMEIMPROVEMENT,8.87,12,B,0.4077,Current,2022-06-15
LOAN-000938,CUST-000632,"$5,984.48",VENTURE,11.94,48,C,0.2382,Fully Paid,2022-04-08
LOAN-000939,CUST-000633,"$38,078.51",PERSONAL,10.08,24,B,0.3222,Fully Paid,2022-10-21
LOAN-000940,CUST-000634,"$12,980.24",PERSONAL,13.07,24,C,0.1688,Current,2022-05-28
LOAN-000941,CUST-000635,"$4,197.04",HOMEIMPROVEMENT,17.20,24,D,0.2422,Late (31-120 days),2023-02-26
LOAN-000942,CUST-000636,"$2,364.87",DEBTCONSOLIDATION,11.58,60,C,0.0807,Late (16-30 days),2022-02-12
LOAN-000943,CUST-000636,"$18,611.11",VENTURE,10.86,48,B,0.2164,Current,2022-04-19
LOAN-000944,CUST-000637,"$10,518.01",EDUCATION,10.85,60,B,0.2674,Fully Paid,2022-03-11
LOAN-000945,CUST-000637,"$38,873.86",VENTURE,12.56,12,C,0.6668,Current,2022-02-26
LOAN-000946,CUST-000638,"$2,051.89",HOMEIMPROVEMENT,10.47,36,B,0.1360,Current,2022-11-28
LOAN-000947,CUST-000638,"$6,803.60",HOMEIMPROVEMENT,12.85,24,C,0.2988,Fully Paid,2022-12-21
LOAN-000948,CUST-000639,"$5,718.25",MEDICAL,12.29,24,C,0.1809,Fully Paid,2022-06-18
LOAN-000949,CUST-000639,"$18,615.91",MEDICAL,14.20,36,C,0.3120,Current,2022-07-22
LOAN-000950,CUST-000640,"$17,502.01",DEBTCONSOLIDATION,8.86,36,B,0.3485,Fully Paid,2022-07-23
LOAN-000951,CUST-000640,"$6,814.70",HOMEIMPROVEMENT,10.59,60,B,0.1928,Current,2022-07-18
LOAN-000952,CUST-000641,"$2,884.20",MEDICAL,9.91,24,B,0.1508,Current,2022-07-23
LOAN-000953,CUST-000642,"$18,691.85",PERSONAL,10.82,36,B,0.1939,Current,2022-07-02
LOAN-000954,CUST-000643,"$16,542.19",DEBTCONSOLIDATION,9.44,48,B,0.1891,Late (16-30 days),2022-10-16
LOAN-000955,CUST-000644,"$21,448.28",HOMEIMPROVEMENT,11.84,12,C,0.4276,Late (31-120 days),2022-05-22
LOAN-000956,CUST-000645,"$11,410.54",VENTURE,13.46,36,C,0.3072,Current,2022-03-01
LOAN-000957,CUST-000646,"$5,622.38",PERSONAL,11.75,24,C,0.2010,Current,2022-08-06
LOAN-000958,CUST-000647,"$2,036.25",DEBTCONSOLIDATION,15.79,60,D,0.1076,Fully Paid,2023-03-28
LOAN-000959,CUST-000648,"$14,718.24",PERSONAL,12.70,60,C,0.1997,Current,2022-09-02
LOAN-000960,CUST-000649,"$6,061.20",EDUCATION,12.66,36,C,0.3277,Fully Paid,2022-11-10
LOAN-000961,CUST-000649,"$6,440.01",PERSONAL,8.67,36,B,0.2971,Fully Paid,2022-10-10
LOAN-000962,CUST-000650,"$2,100.53",PERSONAL,5.79,60,A,0.1113,Fully Paid,2022-12-13
LOAN-000963,CUST-000651,"$12,186.88",HOMEIMPROVEMENT,12.58,24,C,0.4294,Fully Paid,2023-01-22
LOAN-000964,CUST-000652,"$17,169.18",HOMEIMPROVEMENT,11.42,12,B,0.4966,Late (16-30 days),2022-12-24
LOAN-000965,CUST-000652,"$9,321.16",DEBTCONSOLIDATION,9.20,36,B,0.2997,Fully Paid,2023-03-30
LOAN-000966,CUST-000653,"$6,583.90",PERSONAL,8.37,60,A,0.2612,Fully Paid,2022-05-23
LOAN-000967,CUST-000653,"$5,932.65",HOMEIMPROVEMENT,10.00,24,B,0.1831,Late (16-30 days),2022-06-09
LOAN-000968,CUST-000654,"$12,247.27",EDUCATION,13.30,48,C,0.2652,Fully Paid,2022-08-06
LOAN-000969,CUST-000654,"$6,286.02",EDUCATION,12.48,24,C,0.3239,Late (16-30 days),2022-04-29
LOAN-000970,CUST-000655,"$6,650.72",PERSONAL,16.54,24,D,0.2708,Charged Off / Default,2022-09-29
LOAN-000971,CUST-000656,"$19,345.15",VENTURE,9.75,48,B,0.1562,Fully Paid,2022-11-29
LOAN-000972,CUST-000656,"$2,069.02",MEDICAL,12.40,12,C,0.2050,Current,2023-01-06
LOAN-000973,CUST-000657,"$22,244.98",HOMEIMPROVEMENT,8.83,48,B,0.2629,Fully Paid,2022-11-24
LOAN-000974,CUST-000657,"$15,896.77",MEDICAL,5.50,24,A,0.3654,Fully Paid,2022-12-10
LOAN-000975,CUST-000658,"$3,341.20",EDUCATION,9.69,48,B,0.2145,Fully Paid,2022-08-17
LOAN-000976,CUST-000659,"$11,562.68",DEBTCONSOLIDATION,11.10,48,B,0.2653,Fully Paid,2022-11-27
LOAN-000977,CUST-000659,"$4,370.40",EDUCATION,12.22,12,C,0.2723,Fully Paid,2022-10-01
LOAN-000978,CUST-000660,"$12,318.87",EDUCATION,14.85,12,D,0.4487,Late (16-30 days),2022-08-24
LOAN-000979,CUST-000660,"$11,316.00",HOMEIMPROVEMENT,13.78,60,C,0.2640,Current,2022-10-28
LOAN-000980,CUST-000661,"$11,572.72",DEBTCONSOLIDATION,11.82,36,C,0.2008,Current,2022-07-02
LOAN-000981,CUST-000662,"$3,274.49",PERSONAL,12.06,12,C,0.1462,Current,2022-12-14
LOAN-000982,CUST-000663,"$31,771.08",HOMEIMPROVEMENT,16.14,48,D,0.3252,Current,2023-01-15
LOAN-000983,CUST-000664,"$10,285.68",VENTURE,14.86,36,D,0.3387,Late (31-120 days),2023-01-12
LOAN-000984,CUST-000665,"$12,221.98",DEBTCONSOLIDATION,12.07,36,C,0.2018,Fully Paid,2022-10-04
LOAN-000985,CUST-000666,"$2,102.87",VENTURE,7.34,48,A,0.1820,Late (16-30 days),2022-09-23
LOAN-000986,CUST-000666,"$9,278.17",MEDICAL,10.52,12,B,0.3363,Fully Paid,2022-10-04
LOAN-000987,CUST-000667,"$19,004.66",VENTURE,12.42,36,C,0.2484,Late (16-30 days),2022-11-03
LOAN-000988,CUST-000668,"$2,394.30",EDUCATION,8.88,60,B,0.1150,Fully Paid,2023-04-05
LOAN-000989,CUST-000668,"$16,993.38",DEBTCONSOLIDATION,15.17,12,D,0.5695,Current,2023-04-19
LOAN-000990,CUST-000669,"$8,988.64",EDUCATION,11.89,48,C,0.2357,Current,2022-06-10
LOAN-000991,CUST-000670,"$13,020.76",PERSONAL,13.20,24,C,0.3582,Current,2022-11-30
LOAN-000992,CUST-000670,"$13,741.69",DEBTCONSOLIDATION,11.00,36,B,0.3499,Fully Paid,2022-10-30
LOAN-000993,CUST-000671,"$4,220.18",VENTURE,13.87,12,C,0.1604,Fully Paid,2023-01-07
LOAN-000994,CUST-000671,"$7,367.97",DEBTCONSOLIDATION,10.84,48,B,0.1808,Late (31-120 days),2023-01-12
LOAN-000995,CUST-000672,"$39,548.47",DEBTCONSOLIDATION,8.99,60,B,0.2074,Current,2022-10-21
LOAN-000996,CUST-000673,"$23,074.87",HOMEIMPROVEMENT,16.19,12,D,0.2536,Charged Off / Default,2022-10-22
LOAN-000997,CUST-000674,"$3,867.00",VENTURE,13.52,36,C,0.1525,Late (31-120 days),2022-02-28
LOAN-000998,CUST-000675,"$2,606.59",MEDICAL,11.81,48,C,0.1436,Fully Paid,2022-10-17
LOAN-000999,CUST-000676,"$3,573.04",EDUCATION,10.05,12,B,0.2791,Fully Paid,2023-02-16
LOAN-001000,CUST-000677,"$6,882.37",EDUCATION,10.01,36,B,0.1459,Fully Paid,2022-07-03
LOAN-001001,CUST-000677,"$5,623.96",DEBTCONSOLIDATION,9.55,48,B,0.1175,Fully Paid,2022-05-10
LOAN-001002,CUST-000678,"$7,599.30",PERSONAL,9.29,36,B,0.1907,Current,2022-08-06
LOAN-001003,CUST-000679,"$4,541.96",PERSONAL,9.86,36,B,0.2382,Current,2022-12-18
LOAN-001004,CUST-000679,"$2,312.40",VENTURE,9.99,12,B,0.2541,Fully Paid,2023-03-04
LOAN-001005,CUST-000680,"$13,864.07",EDUCATION,13.96,48,C,0.2099,Current,2022-06-12
LOAN-001006,CUST-000681,"$16,408.25",MEDICAL,9.51,36,B,0.2242,Fully Paid,2023-01-25
LOAN-001007,CUST-000682,"$16,306.85",MEDICAL,8.60,48,B,0.1724,Fully Paid,2022-11-19
LOAN-001008,CUST-000683,"$12,543.35",HOMEIMPROVEMENT,14.93,48,D,0.1193,Late (31-120 days),2022-12-21
LOAN-001009,CUST-000683,"$17,424.94",HOMEIMPROVEMENT,19.24,12,E,0.5086,Current,2022-12-05
LOAN-001010,CUST-000684,"$13,588.05",HOMEIMPROVEMENT,12.58,24,C,0.3706,Fully Paid,2022-08-27
LOAN-001011,CUST-000684,"$3,049.52",DEBTCONSOLIDATION,12.92,48,C,0.1173,Current,2022-10-04
LOAN-001012,CUST-000685,"$19,213.74",PERSONAL,15.65,12,D,0.4305,Fully Paid,2022-11-26
LOAN-001013,CUST-000685,"$14,295.89",MEDICAL,11.02,24,B,0.1579,Fully Paid,2022-11-01
LOAN-001014,CUST-000686,"$8,309.30",DEBTCONSOLIDATION,12.86,60,C,0.0928,Late (31-120 days),2022-09-27
LOAN-001015,CUST-000686,"$12,448.16",VENTURE,16.49,60,D,0.1594,Late (16-30 days),2022-09-17
LOAN-001016,CUST-000687,"$4,279.89",PERSONAL,13.78,48,C,0.2199,Current,2022-10-07
LOAN-001017,CUST-000688,"$3,075.52",HOMEIMPROVEMENT,7.54,60,A,0.0854,Fully Paid,2022-11-19
LOAN-001018,CUST-000689,"$12,241.11",HOMEIMPROVEMENT,13.67,36,C,0.2314,Fully Paid,2022-09-16
LOAN-001019,CUST-000690,"$4,300.93",EDUCATION,10.45,24,B,0.2226,Late (16-30 days),2022-10-03
LOAN-001020,CUST-000690,"$5,251.95",DEBTCONSOLIDATION,13.39,12,C,0.4089,Fully Paid,2022-11-07
LOAN-001021,CUST-000691,"$30,680.20",PERSONAL,13.85,12,C,0.4681,Late (31-120 days),2022-08-17
LOAN-001022,CUST-000691,"$25,523.38",HOMEIMPROVEMENT,16.97,36,D,0.2675,Fully Paid,2022-09-14
LOAN-001023,CUST-000692,"$34,605.09",EDUCATION,15.23,48,D,0.1905,Late (31-120 days),2022-12-24
LOAN-001024,CUST-000693,"$5,247.73",DEBTCONSOLIDATION,12.82,48,C,0.1759,Fully Paid,2023-01-25
LOAN-001025,CUST-000693,"$3,124.69",EDUCATION,15.65,48,D,0.1965,Late (16-30 days),2022-12-13
LOAN-001026,CUST-000694,"$9,795.51",PERSONAL,10.60,24,B,0.3096,Fully Paid,2022-08-03
LOAN-001027,CUST-000695,"$7,141.55",MEDICAL,12.22,24,C,0.2394,Late (16-30 days),2022-04-10
LOAN-001028,CUST-000695,"$15,694.63",VENTURE,12.09,36,C,0.2906,Current,2022-06-05
LOAN-001029,CUST-000696,"$3,645.23",DEBTCONSOLIDATION,13.77,12,C,0.3513,Fully Paid,2022-07-12
LOAN-001030,CUST-000697,"$9,886.28",DEBTCONSOLIDATION,12.09,24,C,0.3293,Fully Paid,2022-11-04
LOAN-001031,CUST-000698,"$9,561.55",EDUCATION,12.30,12,C,0.3988,Current,2023-01-21
LOAN-001032,CUST-000698,"$5,318.86",VENTURE,13.86,36,C,0.1899,Fully Paid,2023-02-14
LOAN-001033,CUST-000699,"$17,068.12",EDUCATION,11.95,12,C,0.5765,Current,2022-08-03
LOAN-001034,CUST-000700,"$26,478.30",EDUCATION,10.72,60,B,0.1655,Current,2022-04-23
LOAN-001035,CUST-000701,"$5,345.56",PERSONAL,11.90,36,C,0.2394,Fully Paid,2023-01-31
LOAN-001036,CUST-000702,"$9,649.63",EDUCATION,12.96,60,C,0.0924,Fully Paid,2022-03-31
LOAN-001037,CUST-000703,"$6,755.36",DEBTCONSOLIDATION,10.66,12,B,0.3236,Current,2022-08-27
LOAN-001038,CUST-000704,"$28,162.65",VENTURE,10.49,36,B,0.2889,Fully Paid,2022-11-29
LOAN-001039,CUST-000704,"$8,408.01",MEDICAL,9.67,24,B,0.1395,Current,2022-10-28
LOAN-001040,CUST-000705,"$13,584.12",VENTURE,12.23,24,C,0.2829,Fully Paid,2022-09-19
LOAN-001041,CUST-000705,"$17,373.07",MEDICAL,9.99,48,B,0.2505,Fully Paid,2022-08-08
LOAN-001042,CUST-000706,"$6,817.44",DEBTCONSOLIDATION,13.55,60,C,0.0926,Fully Paid,2022-06-03
LOAN-001043,CUST-000707,"$3,874.88",VENTURE,13.15,36,C,0.1048,Current,2022-07-09
LOAN-001044,CUST-000708,"$8,562.40",DEBTCONSOLIDATION,7.55,24,A,0.3592,Fully Paid,2023-01-12
LOAN-001045,CUST-000708,"$7,223.90",VENTURE,8.35,24,A,0.1968,Fully Paid,2023-01-20
LOAN-001046,CUST-000709,"$8,768.22",DEBTCONSOLIDATION,10.82,60,B,0.1463,Late (16-30 days),2022-09-03
LOAN-001047,CUST-000709,"$9,893.72",EDUCATION,9.13,36,B,0.1946,Late (16-30 days),2022-08-26
LOAN-001048,CUST-000710,"$8,173.77",VENTURE,13.35,60,C,0.1142,Fully Paid,2022-12-28
LOAN-001049,CUST-000711,"$21,329.50",VENTURE,12.45,36,C,0.1536,Late (31-120 days),2022-01-26
LOAN-001050,CUST-000711,"$20,409.53",DEBTCONSOLIDATION,14.05,24,C,0.3622,Late (31-120 days),2022-02-05
LOAN-001051,CUST-000712,"$20,190.10",HOMEIMPROVEMENT,10.80,48,B,0.1644,Fully Paid,2022-12-21
LOAN-001052,CUST-000713,"$5,461.77",MEDICAL,16.69,24,D,0.2997,Current,2022-03-09
LOAN-001053,CUST-000713,"$4,085.52",MEDICAL,17.76,36,E,0.1396,Fully Paid,2022-03-17
LOAN-001054,CUST-000714,"$9,094.28",PERSONAL,8.83,12,B,0.5633,Current,2022-04-30
LOAN-001055,CUST-000714,"$9,752.53",MEDICAL,10.08,60,B,0.1725,Late (16-30 days),2022-04-18
LOAN-001056,CUST-000715,"$3,410.73",PERSONAL,14.95,24,D,0.2400,Late (16-30 days),2022-11-28
LOAN-001057,CUST-000715,"$12,123.58",EDUCATION,13.64,12,C,0.3968,Fully Paid,2022-11-14
LOAN-001058,CUST-000716,"$31,662.34",VENTURE,9.90,12,B,0.4534,Fully Paid,2022-10-24
LOAN-001059,CUST-000717,"$11,852.33",EDUCATION,11.58,48,C,0.2545,Current,2022-06-01
LOAN-001060,CUST-000717,"$3,874.37",DEBTCONSOLIDATION,11.17,24,B,0.2931,Current,2022-06-29
LOAN-001061,CUST-000718,"$4,371.70",PERSONAL,15.02,36,D,0.2524,Fully Paid,2022-03-30
LOAN-001062,CUST-000719,"$20,239.48",PERSONAL,12.00,48,C,0.1731,Current,2022-04-08
LOAN-001063,CUST-000719,"$9,943.37",PERSONAL,11.40,60,B,0.2057,Late (16-30 days),2022-07-07
LOAN-001064,CUST-000720,"$3,465.87",EDUCATION,17.33,24,D,0.2962,Current,2022-09-01
LOAN-001065,CUST-000721,"$12,459.43",EDUCATION,12.25,60,C,0.1468,Current,2023-03-11
LOAN-001066,CUST-000722,"$8,375.28",MEDICAL,12.90,48,C,0.2564,Fully Paid,2022-07-11
LOAN-001067,CUST-000723,"$11,744.85",PERSONAL,9.86,60,B,0.2181,Current,2023-02-11
LOAN-001068,CUST-000723,"$7,223.24",VENTURE,11.18,12,B,0.3208,Fully Paid,2023-03-25
LOAN-001069,CUST-000724,"$2,242.81",VENTURE,11.05,36,B,0.1916,Fully Paid,2022-11-18
LOAN-001070,CUST-000724,"$7,290.39",MEDICAL,14.29,60,C,0.1039,Fully Paid,2023-01-18
LOAN-001071,CUST-000725,"$21,829.69",DEBTCONSOLIDATION,15.74,48,D,0.2987,Late (16-30 days),2023-02-06
LOAN-001072,CUST-000726,"$8,180.35",VENTURE,12.96,60,C,0.1301,Current,2022-09-22
LOAN-001073,CUST-000727,"$4,728.54",EDUCATION,13.22,60,C,0.1289,Fully Paid,2022-05-30
LOAN-001074,CUST-000728,"$17,109.26",MEDICAL,8.49,12,A,0.2490,Fully Paid,2022-09-01
LOAN-001075,CUST-000729,"$8,117.10",EDUCATION,13.66,36,C,0.1283,Current,2022-02-14
LOAN-001076,CUST-000730,"$22,624.35",DEBTCONSOLIDATION,15.27,48,D,0.2035,Late (31-120 days),2023-04-08
LOAN-001077,CUST-000731,"$20,480.07",VENTURE,6.96,36,A,0.3568,Fully Paid,2022-04-05
LOAN-001078,CUST-000731,"$8,981.69",EDUCATION,9.47,48,B,0.1950,Fully Paid,2022-04-21
LOAN-001079,CUST-000732,"$20,743.86",PERSONAL,9.02,60,B,0.1298,Fully Paid,2023-01-16
LOAN-001080,CUST-000733,"$3,066.46",VENTURE,8.50,60,B,0.1976,Current,2022-04-03
LOAN-001081,CUST-000734,"$12,533.47",VENTURE,10.51,60,B,0.1574,Fully Paid,2022-02-18
LOAN-001082,CUST-000735,"$19,006.46",EDUCATION,12.91,24,C,0.2594,Fully Paid,2023-03-05
LOAN-001083,CUST-000735,"$22,708.99",MEDICAL,11.91,12,C,0.5364,Fully Paid,2023-02-19
LOAN-001084,CUST-000736,"$17,568.22",VENTURE,11.45,60,B,0.1111,Fully Paid,2022-09-02
LOAN-001085,CUST-000736,"$24,247.17",DEBTCONSOLIDATION,8.98,60,B,0.1972,Fully Paid,2022-08-05
LOAN-001086,CUST-000737,"$10,530.16",EDUCATION,11.29,36,B,0.2595,Fully Paid,2022-12-07
LOAN-001087,CUST-000738,"$9,280.99",HOMEIMPROVEMENT,13.52,24,C,0.2859,Late (31-120 days),2022-04-07
LOAN-001088,CUST-000739,"$12,281.77",HOMEIMPROVEMENT,11.27,24,B,0.2709,Fully Paid,2022-10-17
LOAN-001089,CUST-000740,"$4,888.04",MEDICAL,12.86,60,C,0.2390,Fully Paid,2022-05-05
LOAN-001090,CUST-000741,"$2,885.35",DEBTCONSOLIDATION,9.98,12,B,0.2875,Current,2022-06-04
LOAN-001091,CUST-000741,"$10,250.34",DEBTCONSOLIDATION,9.32,60,B,0.1965,Fully Paid,2022-06-07
LOAN-001092,CUST-000742,"$4,855.96",PERSONAL,8.49,12,A,0.2702,Fully Paid,2022-11-26
LOAN-001093,CUST-000742,"$3,320.49",HOMEIMPROVEMENT,9.05,24,B,0.1590,Current,2022-11-04
LOAN-001094,CUST-000743,"$7,081.77",VENTURE,14.00,60,C,0.1273,Current,2022-04-22
LOAN-001095,CUST-000743,"$17,414.64",EDUCATION,16.07,60,D,0.2051,Current,2022-04-04
LOAN-001096,CUST-000744,"$2,080.40",MEDICAL,17.70,36,E,0.1393,Fully Paid,2022-05-24
LOAN-001097,CUST-000744,"$11,154.41",VENTURE,13.78,60,C,0.1853,Fully Paid,2022-06-05
LOAN-001098,CUST-000745,"$8,678.17",EDUCATION,11.45,24,B,0.2454,Fully Paid,2022-04-05
LOAN-001099,CUST-000745,"$9,302.60",HOMEIMPROVEMENT,11.23,60,B,0.2163,Fully Paid,2022-05-02
LOAN-001100,CUST-000746,"$7,788.49",EDUCATION,12.76,36,C,0.2093,Current,2022-06-20
LOAN-001101,CUST-000747,"$9,698.97",EDUCATION,10.31,60,B,0.2007,Current,2022-07-03
LOAN-001102,CUST-000748,"$6,169.05",HOMEIMPROVEMENT,12.11,48,C,0.2350,Late (16-30 days),2022-09-05
LOAN-001103,CUST-000749,"$11,537.28",HOMEIMPROVEMENT,9.54,48,B,0.3186,Fully Paid,2022-11-11
LOAN-001104,CUST-000750,"$2,710.27",DEBTCONSOLIDATION,14.33,36,C,0.2074,Current,2022-09-20
LOAN-001105,CUST-000751,"$11,977.96",PERSONAL,14.72,24,D,0.3206,Current,2022-04-26
LOAN-001106,CUST-000752,"$12,004.51",HOMEIMPROVEMENT,16.05,12,D,0.3664,Fully Paid,2022-05-11
LOAN-001107,CUST-000753,"$15,450.84",PERSONAL,8.16,36,A,0.2078,Late (16-30 days),2022-05-25
LOAN-001108,CUST-000754,"$2,375.27",VENTURE,13.05,60,C,0.1253,Fully Paid,2022-06-01
LOAN-001109,CUST-000755,"$12,983.26",PERSONAL,14.65,36,D,0.3120,Charged Off / Default,2023-01-04
LOAN-001110,CUST-000756,"$18,726.38",PERSONAL,13.61,24,C,0.3830,Fully Paid,2023-04-26
LOAN-001111,CUST-000757,"$10,835.41",MEDICAL,13.80,48,C,0.2238,Fully Paid,2022-08-06
LOAN-001112,CUST-000758,"$6,972.51",DEBTCONSOLIDATION,13.87,12,C,0.3997,Current,2023-03-05
LOAN-001113,CUST-000759,"$8,135.78",VENTURE,13.02,36,C,0.3020,Late (16-30 days),2023-03-30
LOAN-001114,CUST-000759,"$11,577.80",PERSONAL,11.63,36,C,0.1745,Fully Paid,2023-02-05
LOAN-001115,CUST-000760,"$10,423.63",HOMEIMPROVEMENT,16.85,24,D,0.2580,Late (31-120 days),2022-08-09
LOAN-001116,CUST-000760,"$10,109.17",MEDICAL,15.05,24,D,0.3143,Current,2022-10-13
LOAN-001117,CUST-000761,"$6,483.32",MEDICAL,6.28,12,A,0.2769,Fully Paid,2022-11-19
LOAN-001118,CUST-000762,"$19,934.72",VENTURE,9.58,48,B,0.3164,Fully Paid,2023-03-09
LOAN-001119,CUST-000762,"$3,675.74",VENTURE,10.81,36,B,0.1700,Current,2023-02-04
LOAN-001120,CUST-000763,"$11,079.65",VENTURE,16.30,48,D,0.2971,Late (31-120 days),2022-07-16
LOAN-001121,CUST-000763,"$8,143.93",EDUCATION,16.18,24,D,0.1546,Current,2022-10-09
LOAN-001122,CUST-000764,"$20,615.64",VENTURE,13.72,12,C,0.4719,Current,2023-01-13
LOAN-001123,CUST-000764,"$22,430.39",EDUCATION,11.96,48,C,0.2234,Late (16-30 days),2022-12-28
LOAN-001124,CUST-000765,"$24,296.75",VENTURE,10.43,48,B,0.3314,Current,2022-08-18
LOAN-001125,CUST-000766,"$6,417.35",EDUCATION,12.22,12,C,0.2118,Current,2022-11-22
LOAN-001126,CUST-000767,"$7,721.87",DEBTCONSOLIDATION,11.87,48,C,0.2200,Fully Paid,2022-07-05
LOAN-001127,CUST-000767,"$2,008.50",VENTURE,12.05,48,C,0.2542,Fully Paid,2022-08-20
LOAN-001128,CUST-000768,"$7,296.36",HOMEIMPROVEMENT,9.18,24,B,0.3597,Current,2022-05-07
LOAN-001129,CUST-000769,"$13,568.12",DEBTCONSOLIDATION,13.82,60,C,0.2547,Fully Paid,2022-07-17
LOAN-001130,CUST-000770,"$23,498.14",DEBTCONSOLIDATION,12.87,48,C,0.2018,Fully Paid,2022-10-30
LOAN-001131,CUST-000771,"$2,398.77",EDUCATION,10.49,36,B,0.1102,Fully Paid,2022-09-07
LOAN-001132,CUST-000772,"$12,986.08",VENTURE,7.53,48,A,0.2819,Current,2022-09-22
LOAN-001133,CUST-000772,"$22,616.27",PERSONAL,10.22,60,B,0.3155,Fully Paid,2022-09-18
LOAN-001134,CUST-000773,"$8,533.11",PERSONAL,13.14,48,C,0.1047,Current,2022-06-16
LOAN-001135,CUST-000774,"$12,667.60",DEBTCONSOLIDATION,14.60,60,D,0.1507,Late (31-120 days),2022-08-28
LOAN-001136,CUST-000775,"$4,747.28",HOMEIMPROVEMENT,9.23,60,B,0.0985,Fully Paid,2022-06-15
LOAN-001137,CUST-000776,"$8,809.43",DEBTCONSOLIDATION,14.35,36,C,0.3126,Current,2022-09-30
LOAN-001138,CUST-000777,"$32,985.53",VENTURE,12.52,24,C,0.2828,Fully Paid,2022-05-04
LOAN-001139,CUST-000777,"$27,325.76",MEDICAL,7.96,24,A,0.2716,Fully Paid,2022-02-05
LOAN-001140,CUST-000778,"$6,336.90",PERSONAL,8.16,24,A,0.2561,Current,2022-03-28
LOAN-001141,CUST-000779,"$24,017.40",VENTURE,12.01,60,C,0.1537,Current,2022-05-10
LOAN-001142,CUST-000779,"$15,020.42",DEBTCONSOLIDATION,13.32,12,C,0.3984,Current,2022-04-21
LOAN-001143,CUST-000780,"$13,867.36",MEDICAL,8.47,48,A,0.3330,Current,2022-07-06
LOAN-001144,CUST-000781,"$8,134.16",VENTURE,12.61,36,C,0.1660,Current,2023-01-11
LOAN-001145,CUST-000782,"$3,414.76",VENTURE,12.31,24,C,0.2950,Fully Paid,2023-03-13
LOAN-001146,CUST-000782,"$10,308.73",MEDICAL,13.86,48,C,0.2560,Fully Paid,2023-01-13
LOAN-001147,CUST-000783,"$2,475.75",MEDICAL,15.14,60,D,0.1039,Fully Paid,2023-03-24
LOAN-001148,CUST-000783,"$14,532.65",MEDICAL,13.94,48,C,0.2314,Current,2023-02-20
LOAN-001149,CUST-000784,"$16,481.87",DEBTCONSOLIDATION,15.26,48,D,0.1117,Fully Paid,2022-05-28
LOAN-001150,CUST-000785,"$3,642.48",PERSONAL,7.86,12,A,0.3188,Current,2022-10-31
LOAN-001151,CUST-000786,"$9,810.21",HOMEIMPROVEMENT,14.83,48,D,0.1292,Charged Off / Default,2022-11-13
LOAN-001152,CUST-000787,"$2,691.45",PERSONAL,14.23,36,C,0.1503,Current,2022-10-26
LOAN-001153,CUST-000788,"$4,061.67",HOMEIMPROVEMENT,8.80,12,B,0.2810,Fully Paid,2022-06-11
LOAN-001154,CUST-000788,"$21,976.04",EDUCATION,11.03,24,B,0.3985,Current,2022-05-27
LOAN-001155,CUST-000789,"$8,446.31",DEBTCONSOLIDATION,13.28,48,C,0.2870,Fully Paid,2023-02-19
LOAN-001156,CUST-000790,"$11,471.71",DEBTCONSOLIDATION,11.61,36,C,0.1568,Fully Paid,2022-07-29
LOAN-001157,CUST-000790,"$15,818.40",EDUCATION,11.21,24,B,0.4549,Current,2022-06-27
LOAN-001158,CUST-000791,"$2,146.49",MEDICAL,15.09,36,D,0.1904,Late (31-120 days),2022-04-11
LOAN-001159,CUST-000792,"$5,012.29",HOMEIMPROVEMENT,9.86,36,B,0.2552,Late (16-30 days),2022-07-07
LOAN-001160,CUST-000793,"$6,347.44",VENTURE,12.20,60,C,0.2748,Fully Paid,2022-04-14
LOAN-001161,CUST-000794,"$3,663.14",HOMEIMPROVEMENT,13.26,24,C,0.2860,Late (16-30 days),2023-04-02
LOAN-001162,CUST-000795,"$16,975.52",HOMEIMPROVEMENT,8.34,24,A,0.3144,Late (16-30 days),2022-12-09
LOAN-001163,CUST-000795,"$18,641.40",PERSONAL,6.55,36,A,0.2267,Fully Paid,2022-10-15
LOAN-001164,CUST-000796,"$3,963.48",DEBTCONSOLIDATION,14.28,24,C,0.2538,Current,2022-07-17
LOAN-001165,CUST-000797,"$17,576.92",PERSONAL,6.39,24,A,0.1379,Fully Paid,2022-01-17
LOAN-001166,CUST-000797,"$2,678.68",MEDICAL,8.36,24,A,0.2461,Fully Paid,2022-01-16
LOAN-001167,CUST-000798,"$21,161.76",DEBTCONSOLIDATION,11.70,36,C,0.1821,Current,2022-07-08
LOAN-001168,CUST-000799,"$3,257.54",DEBTCONSOLIDATION,15.26,48,D,0.1563,Late (31-120 days),2022-09-26
LOAN-001169,CUST-000800,"$11,212.59",DEBTCONSOLIDATION,13.76,48,C,0.2814,Fully Paid,2022-07-25
LOAN-001170,CUST-000800,"$10,803.09",EDUCATION,13.83,48,C,0.1566,Fully Paid,2022-08-10
LOAN-001171,CUST-000801,"$20,838.10",PERSONAL,16.42,60,D,0.3211,Fully Paid,2022-06-28
LOAN-001172,CUST-000802,"$4,846.92",DEBTCONSOLIDATION,11.22,60,B,0.1611,Current,2022-09-14
LOAN-001173,CUST-000803,"$13,890.48",EDUCATION,10.72,36,B,0.2268,Fully Paid,2022-07-23
LOAN-001174,CUST-000803,"$5,491.67",DEBTCONSOLIDATION,10.28,36,B,0.2444,Fully Paid,2022-08-13
LOAN-001175,CUST-000804,"$4,540.22",MEDICAL,9.84,12,B,0.1859,Fully Paid,2022-10-02
LOAN-001176,CUST-000805,"$7,364.68",DEBTCONSOLIDATION,14.40,48,C,0.1591,Current,2022-10-31
LOAN-001177,CUST-000806,"$11,550.17",HOMEIMPROVEMENT,9.74,60,B,0.1284,Current,2022-04-21
LOAN-001178,CUST-000806,"$5,905.91",VENTURE,10.47,36,B,0.2827,Fully Paid,2022-05-19
LOAN-001179,CUST-000807,"$12,240.41",DEBTCONSOLIDATION,16.51,36,D,0.2470,Current,2022-11-23
LOAN-001180,CUST-000807,"$5,334.99",HOMEIMPROVEMENT,10.79,60,B,0.2724,Late (31-120 days),2022-11-06
LOAN-001181,CUST-000808,"$2,737.37",EDUCATION,12.20,60,C,0.2745,Current,2023-01-15
LOAN-001182,CUST-000809,"$9,302.56",PERSONAL,15.30,12,D,0.2889,Fully Paid,2022-09-14
LOAN-001183,CUST-000809,"$10,309.04",HOMEIMPROVEMENT,13.72,12,C,0.3649,Fully Paid,2022-08-31
LOAN-001184,CUST-000810,"$2,063.39",VENTURE,18.45,24,E,0.1407,Charged Off / Default,2022-06-13
LOAN-001185,CUST-000810,"$4,909.02",VENTURE,16.84,60,D,0.1274,Charged Off / Default,2022-04-26
LOAN-001186,CUST-000811,"$26,237.16",MEDICAL,8.16,48,A,0.1423,Current,2022-09-16
LOAN-001187,CUST-000811,"$21,878.54",EDUCATION,9.47,12,B,0.4282,Fully Paid,2022-06-16
LOAN-001188,CUST-000812,"$7,922.14",PERSONAL,14.58,24,D,0.1620,Late (16-30 days),2022-12-05
LOAN-001189,CUST-000813,"$7,620.07",HOMEIMPROVEMENT,12.94,60,C,0.2375,Fully Paid,2022-11-06
LOAN-001190,CUST-000814,"$23,390.17",MEDICAL,10.46,24,B,0.2132,Fully Paid,2022-07-08
LOAN-001191,CUST-000814,"$13,892.84",HOMEIMPROVEMENT,9.93,36,B,0.2126,Late (16-30 days),2022-08-11
LOAN-001192,CUST-000815,"$4,734.33",PERSONAL,8.10,12,A,0.4403,Current,2023-02-25
LOAN-001193,CUST-000816,"$11,487.54",HOMEIMPROVEMENT,9.48,48,B,0.3309,Fully Paid,2022-10-19
LOAN-001194,CUST-000817,"$9,261.03",PERSONAL,12.59,24,C,0.3618,Late (16-30 days),2022-03-02
LOAN-001195,CUST-000818,"$18,324.13",EDUCATION,13.01,12,C,0.5117,Current,2023-03-13
LOAN-001196,CUST-000818,"$11,238.77",MEDICAL,11.86,48,C,0.2146,Current,2023-02-01
LOAN-001197,CUST-000819,"$4,060.06",VENTURE,13.85,24,C,0.3171,Current,2023-01-08
LOAN-001198,CUST-000820,"$29,665.66",VENTURE,13.77,12,C,0.5241,Fully Paid,2023-01-27
LOAN-001199,CUST-000821,"$4,995.77",VENTURE,9.96,48,B,0.1836,Fully Paid,2022-05-13
LOAN-001200,CUST-000821,"$3,569.97",EDUCATION,12.43,48,C,0.1631,Current,2022-06-01
LOAN-001201,CUST-000822,"$6,237.23",EDUCATION,12.60,24,C,0.1626,Fully Paid,2022-07-01
LOAN-001202,CUST-000822,"$4,866.86",VENTURE,15.64,48,D,0.1450,Fully Paid,2022-07-03
LOAN-001203,CUST-000823,"$8,897.96",PERSONAL,11.35,48,B,0.2320,Fully Paid,2022-04-06
LOAN-001204,CUST-000823,"$6,326.90",HOMEIMPROVEMENT,15.47,48,D,0.2072,Fully Paid,2022-07-23
LOAN-001205,CUST-000824,"$19,919.36",PERSONAL,13.73,60,C,0.1760,Current,2022-05-24
LOAN-001206,CUST-000825,"$2,506.95",HOMEIMPROVEMENT,11.69,12,C,0.2935,Late (16-30 days),2022-08-24
LOAN-001207,CUST-000826,"$4,010.56",PERSONAL,12.03,60,C,0.1798,Fully Paid,2022-09-06
LOAN-001208,CUST-000827,"$26,106.10",HOMEIMPROVEMENT,12.52,60,C,0.2490,Fully Paid,2022-03-04
LOAN-001209,CUST-000827,"$6,052.00",MEDICAL,15.40,24,D,0.1925,Charged Off / Default,2022-06-10
LOAN-001210,CUST-000828,"$3,141.08",PERSONAL,9.25,36,B,0.1631,Fully Paid,2022-08-20
LOAN-001211,CUST-000829,"$8,422.93",HOMEIMPROVEMENT,9.23,12,B,0.5046,Fully Paid,2022-05-29
LOAN-001212,CUST-000829,"$7,100.81",VENTURE,8.31,12,A,0.3214,Current,2022-06-24
LOAN-001213,CUST-000830,"$12,425.62",DEBTCONSOLIDATION,14.40,36,C,0.2125,Fully Paid,2022-07-26
LOAN-001214,CUST-000831,"$11,146.10",HOMEIMPROVEMENT,10.06,24,B,0.2039,Late (16-30 days),2023-02-10
LOAN-001215,CUST-000831,"$3,663.71",DEBTCONSOLIDATION,14.76,48,D,0.1418,Fully Paid,2022-12-09
LOAN-001216,CUST-000832,"$2,004.56",HOMEIMPROVEMENT,13.60,48,C,0.2527,Fully Paid,2022-11-15
LOAN-001217,CUST-000832,"$5,064.10",DEBTCONSOLIDATION,9.89,60,B,0.2604,Late (16-30 days),2022-08-27
LOAN-001218,CUST-000833,"$15,472.29",VENTURE,10.39,12,B,0.5055,Current,2022-05-26
LOAN-001219,CUST-000834,"$9,397.06",EDUCATION,13.02,12,C,0.2836,Late (31-120 days),2023-03-15
LOAN-001220,CUST-000835,"$12,325.41",EDUCATION,8.95,24,B,0.2433,Current,2022-07-23
LOAN-001221,CUST-000835,"$7,297.85",EDUCATION,9.59,48,B,0.1529,Fully Paid,2022-08-25
LOAN-001222,CUST-000836,"$10,206.41",HOMEIMPROVEMENT,11.43,12,B,0.5061,Fully Paid,2023-01-08
LOAN-001223,CUST-000837,"$14,914.60",VENTURE,10.88,24,B,0.3215,Current,2022-09-24
LOAN-001224,CUST-000838,"$10,271.74",DEBTCONSOLIDATION,12.09,12,C,0.3836,Fully Paid,2022-07-08
LOAN-001225,CUST-000839,"$3,508.77",PERSONAL,14.77,24,D,0.2907,Charged Off / Default,2022-11-25
LOAN-001226,CUST-000840,"$17,117.90",HOMEIMPROVEMENT,9.10,36,B,0.2334,Current,2022-05-05
LOAN-001227,CUST-000840,"$8,417.32",HOMEIMPROVEMENT,8.35,60,A,0.1212,Current,2022-07-07
LOAN-001228,CUST-000841,"$15,058.39",MEDICAL,16.11,60,D,0.3059,Charged Off / Default,2022-03-08
LOAN-001229,CUST-000841,"$14,128.13",DEBTCONSOLIDATION,17.17,48,D,0.2583,Late (31-120 days),2022-05-30
LOAN-001230,CUST-000842,"$30,373.46",HOMEIMPROVEMENT,8.60,60,B,0.3081,Fully Paid,2022-10-28
LOAN-001231,CUST-000843,"$7,054.69",VENTURE,14.22,60,C,0.2043,Late (16-30 days),2022-03-07
LOAN-001232,CUST-000843,"$6,283.82",EDUCATION,16.18,48,D,0.2538,Fully Paid,2022-04-19
LOAN-001233,CUST-000844,"$2,166.28",VENTURE,14.68,48,D,0.2097,Current,2022-10-02
LOAN-001234,CUST-000845,"$4,072.63",MEDICAL,12.29,24,C,0.2316,Current,2022-09-27
LOAN-001235,CUST-000846,"$9,817.50",MEDICAL,7.90,60,A,0.1604,Fully Paid,2022-11-25
LOAN-001236,CUST-000847,"$5,311.79",EDUCATION,14.98,36,D,0.2845,Late (31-120 days),2022-08-27
LOAN-001237,CUST-000847,"$4,319.46",HOMEIMPROVEMENT,15.44,36,D,0.1721,Late (16-30 days),2022-07-30
LOAN-001238,CUST-000848,"$9,173.93",VENTURE,9.73,12,B,0.2252,Current,2023-03-13
LOAN-001239,CUST-000849,"$6,143.72",HOMEIMPROVEMENT,11.87,60,C,0.2145,Fully Paid,2022-03-10
LOAN-001240,CUST-000850,"$27,032.62",EDUCATION,13.84,36,C,0.3050,Fully Paid,2023-02-13
LOAN-001241,CUST-000851,"$2,695.15",HOMEIMPROVEMENT,11.83,60,C,0.2651,Fully Paid,2023-01-29
LOAN-001242,CUST-000852,"$30,607.57",PERSONAL,14.79,48,D,0.2068,Current,2022-09-12
LOAN-001243,CUST-000852,"$20,872.86",VENTURE,10.94,24,B,0.3020,Fully Paid,2022-11-16
LOAN-001244,CUST-000853,"$27,539.47",MEDICAL,9.85,36,B,0.2822,Fully Paid,2022-08-03
LOAN-001245,CUST-000853,"$22,287.13",MEDICAL,12.74,48,C,0.1710,Current,2022-10-31
LOAN-001246,CUST-000854,"$9,409.50",MEDICAL,11.21,36,B,0.1465,Current,2022-06-01
LOAN-001247,CUST-000854,"$7,684.63",EDUCATION,10.05,24,B,0.2577,Current,2022-05-31
LOAN-001248,CUST-000855,"$9,162.66",VENTURE,12.09,24,C,0.2988,Current,2022-10-12
LOAN-001249,CUST-000856,"$12,981.43",PERSONAL,13.06,60,C,0.1698,Fully Paid,2022-08-09
LOAN-001250,CUST-000857,"$22,277.15",VENTURE,11.56,24,C,0.3007,Current,2023-01-05
LOAN-001251,CUST-000858,"$14,154.85",PERSONAL,5.67,24,A,0.1893,Current,2023-02-12
LOAN-001252,CUST-000858,"$13,414.15",MEDICAL,7.18,48,A,0.2398,Fully Paid,2023-02-20
LOAN-001253,CUST-000859,"$11,914.05",PERSONAL,15.79,24,D,0.2743,Fully Paid,2023-01-19
LOAN-001254,CUST-000860,"$8,928.19",EDUCATION,9.17,48,B,0.1797,Fully Paid,2022-10-06
LOAN-001255,CUST-000860,"$21,536.07",EDUCATION,6.77,12,A,0.4430,Fully Paid,2022-10-03
LOAN-001256,CUST-000861,"$5,496.93",MEDICAL,13.41,12,C,0.3931,Current,2022-03-30
LOAN-001257,CUST-000861,"$7,893.78",VENTURE,11.35,48,B,0.2876,Fully Paid,2022-03-19
LOAN-001258,CUST-000862,"$7,290.90",MEDICAL,17.37,24,D,0.3331,Late (31-120 days),2022-03-19
LOAN-001259,CUST-000862,"$14,075.14",VENTURE,15.88,60,D,0.3131,Charged Off / Default,2022-05-11
LOAN-001260,CUST-000863,"$4,384.95",MEDICAL,13.10,12,C,0.4606,Current,2022-08-22
LOAN-001261,CUST-000863,"$7,155.06",PERSONAL,12.84,48,C,0.3125,Late (31-120 days),2022-09-21
LOAN-001262,CUST-000864,"$12,043.14",MEDICAL,10.55,48,B,0.1344,Fully Paid,2022-10-03
LOAN-001263,CUST-000865,"$13,107.67",VENTURE,5.91,24,A,0.4221,Fully Paid,2022-11-04
LOAN-001264,CUST-000865,"$4,077.84",PERSONAL,5.57,24,A,0.3113,Late (16-30 days),2022-11-05
LOAN-001265,CUST-000866,"$5,085.48",MEDICAL,17.11,24,D,0.1850,Current,2022-11-01
LOAN-001266,CUST-000866,"$4,370.09",VENTURE,15.59,12,D,0.4181,Charged Off / Default,2022-12-06
LOAN-001267,CUST-000867,"$2,583.64",MEDICAL,17.62,60,E,0.1623,Charged Off / Default,2022-11-12
LOAN-001268,CUST-000867,"$4,625.63",HOMEIMPROVEMENT,17.70,24,E,0.2221,Fully Paid,2022-12-29
LOAN-001269,CUST-000868,"$15,701.18",MEDICAL,14.80,12,D,0.4443,Charged Off / Default,2022-06-26
LOAN-001270,CUST-000869,"$11,446.52",VENTURE,10.49,36,B,0.1731,Current,2022-12-19
LOAN-001271,CUST-000869,"$7,037.25",PERSONAL,7.39,36,A,0.2425,Current,2022-11-28
LOAN-001272,CUST-000870,"$8,282.37",MEDICAL,18.23,48,E,0.1434,Charged Off / Default,2022-04-02
LOAN-001273,CUST-000870,"$9,348.23",DEBTCONSOLIDATION,16.22,24,D,0.2863,Late (31-120 days),2022-02-09
LOAN-001274,CUST-000871,"$6,566.27",EDUCATION,8.52,12,B,0.4957,Fully Paid,2023-03-23
LOAN-001275,CUST-000872,"$10,535.02",PERSONAL,8.67,36,B,0.1253,Current,2022-07-05
LOAN-001276,CUST-000872,"$9,293.32",VENTURE,9.73,24,B,0.2698,Current,2022-05-07
LOAN-001277,CUST-000873,"$13,253.57",DEBTCONSOLIDATION,12.38,48,C,0.2772,Current,2022-06-18
LOAN-001278,CUST-000874,"$2,040.09",EDUCATION,12.83,24,C,0.2255,Late (31-120 days),2022-05-22
LOAN-001279,CUST-000875,"$3,013.20",PERSONAL,11.51,48,C,0.2513,Fully Paid,2022-04-06
LOAN-001280,CUST-000876,"$15,092.03",MEDICAL,11.29,48,B,0.1792,Current,2023-01-29
LOAN-001281,CUST-000876,"$19,912.85",MEDICAL,11.27,12,B,0.4942,Fully Paid,2023-03-08
LOAN-001282,CUST-000877,"$9,441.98",PERSONAL,9.67,12,B,0.2625,Fully Paid,2022-03-04
LOAN-001283,CUST-000878,"$7,992.56",MEDICAL,6.71,24,A,0.1714,Fully Paid,2022-08-26
LOAN-001284,CUST-000878,"$2,387.95",VENTURE,7.48,36,A,0.2381,Current,2022-11-08
LOAN-001285,CUST-000879,"$2,450.71",EDUCATION,12.52,24,C,0.2771,Fully Paid,2022-08-05
LOAN-001286,CUST-000880,"$4,128.26",VENTURE,14.96,36,D,0.1466,Fully Paid,2023-03-19
LOAN-001287,CUST-000881,"$10,318.37",MEDICAL,15.11,48,D,0.2922,Charged Off / Default,2022-12-30
LOAN-001288,CUST-000882,"$7,063.67",MEDICAL,13.04,12,C,0.6012,Charged Off / Default,2022-10-13
LOAN-001289,CUST-000883,"$8,945.77",VENTURE,13.21,60,C,0.1182,Current,2022-09-02
LOAN-001290,CUST-000884,"$2,624.13",DEBTCONSOLIDATION,13.15,24,C,0.2000,Current,2022-05-17
LOAN-001291,CUST-000884,"$9,384.23",HOMEIMPROVEMENT,12.20,24,C,0.1503,Fully Paid,2022-07-18
LOAN-001292,CUST-000885,"$17,510.23",VENTURE,13.35,60,C,0.1030,Late (16-30 days),2022-09-11
LOAN-001293,CUST-000886,"$30,240.22",PERSONAL,13.86,48,C,0.1223,Late (31-120 days),2023-02-05
LOAN-001294,CUST-000886,"$11,921.28",EDUCATION,14.79,36,D,0.2177,Fully Paid,2023-02-16
LOAN-001295,CUST-000887,"$4,081.96",VENTURE,13.44,36,C,0.2439,Late (31-120 days),2023-02-07
LOAN-001296,CUST-000888,"$16,427.00",HOMEIMPROVEMENT,9.22,24,B,0.2777,Current,2022-02-24
LOAN-001297,CUST-000888,"$6,978.08",VENTURE,11.20,36,B,0.2091,Current,2022-04-14
LOAN-001298,CUST-000889,"$6,046.89",EDUCATION,16.54,48,D,0.1196,Charged Off / Default,2022-10-12
LOAN-001299,CUST-000889,"$24,039.12",DEBTCONSOLIDATION,15.58,60,D,0.2393,Fully Paid,2022-10-24
LOAN-001300,CUST-000890,"$8,654.67",EDUCATION,14.83,48,D,0.1444,Fully Paid,2022-12-13
LOAN-001301,CUST-000891,"$10,387.20",EDUCATION,8.71,60,B,0.2617,Fully Paid,2023-01-11
LOAN-001302,CUST-000892,"$8,563.16",MEDICAL,14.17,24,C,0.3218,Current,2022-07-07
LOAN-001303,CUST-000892,"$7,762.59",PERSONAL,12.34,24,C,0.3180,Late (16-30 days),2022-07-25
LOAN-001304,CUST-000893,"$11,114.50",VENTURE,9.24,60,B,0.1700,Current,2022-03-16
LOAN-001305,CUST-000894,"$31,104.20",VENTURE,12.57,60,C,0.1715,Current,2022-06-03
LOAN-001306,CUST-000895,"$33,836.17",DEBTCONSOLIDATION,13.83,24,C,0.4433,Fully Paid,2022-10-30
LOAN-001307,CUST-000895,"$32,207.82",MEDICAL,13.72,24,C,0.3211,Late (31-120 days),2022-12-17
LOAN-001308,CUST-000896,"$6,559.71",HOMEIMPROVEMENT,9.80,24,B,0.2801,Fully Paid,2022-05-26
LOAN-001309,CUST-000896,"$8,629.86",PERSONAL,9.80,24,B,0.3572,Fully Paid,2022-04-27
LOAN-001310,CUST-000897,"$14,718.48",EDUCATION,15.68,24,D,0.3331,Current,2023-01-13
LOAN-001311,CUST-000897,"$11,455.87",PERSONAL,14.17,36,C,0.2481,Fully Paid,2023-01-02
LOAN-001312,CUST-000898,"$9,413.32",PERSONAL,12.14,12,C,0.5702,Fully Paid,2022-12-06
LOAN-001313,CUST-000898,"$5,369.50",VENTURE,6.85,60,A,0.1747,Fully Paid,2022-12-15
LOAN-001314,CUST-000899,"$4,672.81",VENTURE,13.28,36,C,0.1172,Current,2022-08-16
LOAN-001315,CUST-000899,"$11,117.64",VENTURE,12.66,60,C,0.3170,Current,2022-07-27
LOAN-001316,CUST-000900,"$5,039.61",PERSONAL,8.85,12,B,0.4012,Current,2022-07-12
LOAN-001317,CUST-000901,"$15,568.87",PERSONAL,8.94,36,B,0.3322,Fully Paid,2023-01-21
LOAN-001318,CUST-000902,"$16,807.05",MEDICAL,14.92,48,D,0.1078,Current,2022-07-24
LOAN-001319,CUST-000902,"$20,546.49",HOMEIMPROVEMENT,15.30,36,D,0.1952,Current,2022-08-18
LOAN-001320,CUST-000903,"$18,682.55",EDUCATION,9.21,24,B,0.2956,Late (16-30 days),2022-08-25
LOAN-001321,CUST-000903,"$23,343.50",EDUCATION,7.59,60,A,0.3225,Late (16-30 days),2022-06-15
LOAN-001322,CUST-000904,"$25,353.26",VENTURE,17.22,36,D,0.2348,Fully Paid,2022-10-30
LOAN-001323,CUST-000904,"$18,434.67",VENTURE,18.13,60,E,0.1750,Fully Paid,2022-08-07
LOAN-001324,CUST-000905,"$10,190.68",PERSONAL,11.02,12,B,0.3486,Fully Paid,2022-06-27
LOAN-001325,CUST-000905,"$15,851.64",MEDICAL,12.36,48,C,0.1604,Fully Paid,2022-06-01
LOAN-001326,CUST-000906,"$12,237.26",EDUCATION,10.77,60,B,0.2075,Late (16-30 days),2022-12-18
LOAN-001327,CUST-000906,"$6,301.42",HOMEIMPROVEMENT,9.71,48,B,0.2936,Fully Paid,2022-12-15
LOAN-001328,CUST-000907,"$8,490.54",MEDICAL,13.84,36,C,0.1596,Current,2023-02-04
LOAN-001329,CUST-000908,"$4,785.39",PERSONAL,9.75,48,B,0.2205,Fully Paid,2022-10-23
LOAN-001330,CUST-000908,"$4,486.36",EDUCATION,7.41,24,A,0.2678,Late (16-30 days),2022-09-22
LOAN-001331,CUST-000909,"$3,935.55",DEBTCONSOLIDATION,14.67,48,D,0.1629,Late (31-120 days),2022-10-15
LOAN-001332,CUST-000910,"$8,951.68",VENTURE,17.32,24,D,0.3528,Late (31-120 days),2022-08-08
LOAN-001333,CUST-000911,"$4,758.12",MEDICAL,14.20,24,C,0.2084,Fully Paid,2022-10-15
LOAN-001334,CUST-000912,"$13,348.26",VENTURE,12.06,36,C,0.1468,Fully Paid,2022-11-07
LOAN-001335,CUST-000913,"$8,482.11",MEDICAL,10.02,36,B,0.2383,Fully Paid,2023-01-13
LOAN-001336,CUST-000914,"$24,688.34",EDUCATION,14.88,12,D,0.6050,Late (31-120 days),2023-01-21
LOAN-001337,CUST-000914,"$13,414.30",EDUCATION,16.31,36,D,0.2337,Fully Paid,2022-12-05
LOAN-001338,CUST-000915,"$31,245.88",DEBTCONSOLIDATION,10.02,48,B,0.2669,Fully Paid,2022-09-13
LOAN-001339,CUST-000916,"$5,682.14",EDUCATION,12.08,60,C,0.2250,Current,2023-03-04
LOAN-001340,CUST-000916,"$18,408.15",DEBTCONSOLIDATION,10.76,48,B,0.1714,Fully Paid,2023-01-19
LOAN-001341,CUST-000917,"$23,146.08",DEBTCONSOLIDATION,11.37,36,B,0.2759,Fully Paid,2022-04-04
LOAN-001342,CUST-000917,"$21,411.54",MEDICAL,9.59,60,B,0.2822,Fully Paid,2022-04-10
LOAN-001343,CUST-000918,"$7,531.24",DEBTCONSOLIDATION,14.41,36,C,0.1272,Fully Paid,2022-11-26
LOAN-001344,CUST-000918,"$4,642.99",VENTURE,16.60,60,D,0.2594,Current,2022-12-09
LOAN-001345,CUST-000919,"$3,767.02",VENTURE,15.19,48,D,0.1991,Charged Off / Default,2022-10-30
LOAN-001346,CUST-000920,"$8,103.99",VENTURE,10.23,48,B,0.2425,Current,2022-10-08
LOAN-001347,CUST-000921,"$3,767.72",HOMEIMPROVEMENT,15.23,24,D,0.2102,Late (31-120 days),2022-06-01
LOAN-001348,CUST-000921,"$6,504.30",DEBTCONSOLIDATION,12.57,60,C,0.2669,Fully Paid,2022-08-15
LOAN-001349,CUST-000922,"$4,050.01",MEDICAL,14.08,12,C,0.3344,Charged Off / Default,2022-08-07
LOAN-001350,CUST-000923,"$2,346.63",MEDICAL,13.70,48,C,0.2399,Current,2022-05-26
LOAN-001351,CUST-000924,"$22,563.58",HOMEIMPROVEMENT,10.76,12,B,0.5040,Current,2022-08-04
LOAN-001352,CUST-000925,"$6,679.65",VENTURE,6.84,48,A,0.1055,Fully Paid,2022-12-28
LOAN-001353,CUST-000925,"$7,628.57",PERSONAL,7.90,48,A,0.1759,Fully Paid,2023-02-24
LOAN-001354,CUST-000926,"$7,711.30",EDUCATION,9.69,48,B,0.2694,Current,2022-03-24
LOAN-001355,CUST-000927,"$4,345.27",DEBTCONSOLIDATION,7.55,60,A,0.2310,Current,2022-05-06
LOAN-001356,CUST-000927,"$7,230.85",HOMEIMPROVEMENT,8.87,24,B,0.2632,Current,2022-04-04
LOAN-001357,CUST-000928,"$6,688.41",HOMEIMPROVEMENT,10.78,60,B,0.1299,Fully Paid,2022-06-20
LOAN-001358,CUST-000929,"$18,507.34",MEDICAL,9.57,24,B,0.3089,Fully Paid,2022-07-14
LOAN-001359,CUST-000929,"$36,085.27",VENTURE,11.14,24,B,0.3746,Fully Paid,2022-06-03
LOAN-001360,CUST-000930,"$6,032.32",MEDICAL,14.87,24,D,0.1404,Current,2022-06-01
LOAN-001361,CUST-000931,"$22,836.21",HOMEIMPROVEMENT,5.50,48,A,0.2332,Fully Paid,2022-07-24
LOAN-001362,CUST-000931,"$10,759.89",EDUCATION,5.92,48,A,0.2630,Fully Paid,2022-04-17
LOAN-001363,CUST-000932,"$10,620.09",DEBTCONSOLIDATION,12.56,48,C,0.2896,Fully Paid,2022-01-30
LOAN-001364,CUST-000933,"$2,662.94",HOMEIMPROVEMENT,11.70,48,C,0.1588,Late (31-120 days),2023-03-04
LOAN-001365,CUST-000933,"$6,668.15",EDUCATION,13.25,60,C,0.1759,Fully Paid,2023-01-06
LOAN-001366,CUST-000934,"$3,030.27",MEDICAL,8.13,48,A,0.1755,Current,2022-07-20
LOAN-001367,CUST-000934,"$4,177.78",PERSONAL,12.08,24,C,0.1573,Fully Paid,2022-05-11
LOAN-001368,CUST-000935,"$5,254.16",VENTURE,13.11,12,C,0.2985,Fully Paid,2022-04-27
LOAN-001369,CUST-000936,"$5,775.13",DEBTCONSOLIDATION,11.16,24,B,0.2802,Fully Paid,2022-08-08
LOAN-001370,CUST-000937,"$5,790.74",MEDICAL,9.60,12,B,0.3062,Current,2023-02-03
LOAN-001371,CUST-000937,"$8,437.87",PERSONAL,11.38,24,B,0.3509,Late (16-30 days),2023-03-09
LOAN-001372,CUST-000938,"$4,907.84",PERSONAL,11.70,24,C,0.2996,Current,2022-05-01
LOAN-001373,CUST-000939,"$7,841.84",PERSONAL,11.39,36,B,0.2005,Fully Paid,2022-12-03
LOAN-001374,CUST-000940,"$6,776.69",VENTURE,10.67,60,B,0.1953,Late (16-30 days),2022-06-27
LOAN-001375,CUST-000941,"$7,976.14",DEBTCONSOLIDATION,17.47,60,D,0.2755,Current,2022-04-23
LOAN-001376,CUST-000942,"$15,294.77",EDUCATION,17.32,60,D,0.2715,Current,2023-01-21
LOAN-001377,CUST-000942,"$6,177.70",DEBTCONSOLIDATION,17.11,48,D,0.1858,Charged Off / Default,2023-01-21
LOAN-001378,CUST-000943,"$18,724.76",MEDICAL,6.11,48,A,0.1655,Fully Paid,2022-11-05
LOAN-001379,CUST-000943,"$25,864.87",DEBTCONSOLIDATION,7.27,48,A,0.1942,Current,2022-12-17
LOAN-001380,CUST-000944,"$10,440.90",MEDICAL,14.49,12,C,0.5361,Fully Paid,2022-09-03
LOAN-001381,CUST-000945,"$7,664.28",EDUCATION,14.77,36,D,0.1255,Fully Paid,2022-08-31
LOAN-001382,CUST-000945,"$5,416.75",PERSONAL,13.10,12,C,0.2627,Current,2022-06-18
LOAN-001383,CUST-000946,"$18,175.74",VENTURE,5.98,60,A,0.1415,Current,2022-04-08
LOAN-001384,CUST-000947,"$12,212.40",HOMEIMPROVEMENT,12.46,24,C,0.2584,Fully Paid,2022-08-23
LOAN-001385,CUST-000947,"$20,920.03",EDUCATION,13.42,36,C,0.3158,Fully Paid,2022-08-29
LOAN-001386,CUST-000948,"$2,780.10",DEBTCONSOLIDATION,12.51,48,C,0.1045,Late (16-30 days),2022-04-08
LOAN-001387,CUST-000949,"$5,369.76",HOMEIMPROVEMENT,9.38,12,B,0.2931,Fully Paid,2023-01-17
LOAN-001388,CUST-000950,"$8,165.34",EDUCATION,13.70,36,C,0.1511,Late (31-120 days),2023-01-25
LOAN-001389,CUST-000951,"$2,124.56",PERSONAL,10.31,48,B,0.0972,Current,2022-07-08
LOAN-001390,CUST-000951,"$4,881.26",HOMEIMPROVEMENT,7.84,12,A,0.3349,Current,2022-05-01
LOAN-001391,CUST-000952,"$8,588.50",VENTURE,9.71,48,B,0.2574,Fully Paid,2022-05-30
LOAN-001392,CUST-000953,"$16,894.73",VENTURE,7.90,60,A,0.2994,Current,2022-12-17
LOAN-001393,CUST-000954,"$4,456.05",DEBTCONSOLIDATION,14.87,48,D,0.1867,Late (31-120 days),2023-02-26
LOAN-001394,CUST-000954,"$4,692.43",EDUCATION,11.59,48,C,0.0915,Current,2023-02-18
LOAN-001395,CUST-000955,"$9,651.11",DEBTCONSOLIDATION,9.97,36,B,0.1831,Late (16-30 days),2022-12-12
LOAN-001396,CUST-000955,"$5,559.40",VENTURE,6.89,60,A,0.1550,Fully Paid,2022-12-27
LOAN-001397,CUST-000956,"$11,764.20",EDUCATION,9.43,60,B,0.2735,Current,2022-10-27
LOAN-001398,CUST-000957,"$4,489.16",VENTURE,14.77,48,D,0.1073,Late (31-120 days),2023-01-08
LOAN-001399,CUST-000957,"$2,307.80",DEBTCONSOLIDATION,15.72,12,D,0.1614,Late (31-120 days),2022-11-07
LOAN-001400,CUST-000958,"$2,461.41",EDUCATION,15.47,24,D,0.2223,Charged Off / Default,2022-10-19
LOAN-001401,CUST-000958,"$2,939.39",HOMEIMPROVEMENT,18.98,36,E,0.1504,Charged Off / Default,2022-10-21
LOAN-001402,CUST-000959,"$23,204.44",DEBTCONSOLIDATION,12.66,48,C,0.2806,Current,2022-04-29
LOAN-001403,CUST-000960,"$9,421.96",DEBTCONSOLIDATION,12.35,48,C,0.1981,Current,2023-01-30
LOAN-001404,CUST-000960,"$23,794.42",PERSONAL,11.39,24,B,0.3400,Current,2023-03-11
LOAN-001405,CUST-000961,"$5,303.27",DEBTCONSOLIDATION,12.20,60,C,0.2745,Fully Paid,2022-11-18
LOAN-001406,CUST-000962,"$11,276.71",MEDICAL,12.72,12,C,0.4328,Fully Paid,2022-11-18
LOAN-001407,CUST-000963,"$9,550.87",MEDICAL,14.65,48,D,0.2068,Current,2023-01-26
LOAN-001408,CUST-000963,"$2,962.10",MEDICAL,14.08,48,C,0.1590,Current,2022-12-25
LOAN-001409,CUST-000964,"$6,356.78",VENTURE,10.36,12,B,0.2735,Current,2022-09-09
LOAN-001410,CUST-000965,"$23,628.81",PERSONAL,9.93,60,B,0.2944,Fully Paid,2022-08-16
LOAN-001411,CUST-000966,"$9,079.98",DEBTCONSOLIDATION,16.44,12,D,0.5510,Charged Off / Default,2022-04-09
LOAN-001412,CUST-000967,"$3,931.67",PERSONAL,11.60,12,C,0.2383,Fully Paid,2022-08-13
LOAN-001413,CUST-000967,"$8,644.44",EDUCATION,11.60,36,C,0.2526,Fully Paid,2022-08-20
LOAN-001414,CUST-000968,"$7,743.19",PERSONAL,12.81,48,C,0.2268,Current,2023-01-26
LOAN-001415,CUST-000968,"$6,186.70",PERSONAL,13.37,60,C,0.2559,Fully Paid,2023-02-16
LOAN-001416,CUST-000969,"$10,730.75",MEDICAL,15.62,36,D,0.2852,Late (31-120 days),2022-11-06
LOAN-001417,CUST-000970,"$10,748.26",VENTURE,9.35,48,B,0.1122,Fully Paid,2023-02-15
LOAN-001418,CUST-000971,"$2,994.05",EDUCATION,15.97,36,D,0.2325,Late (31-120 days),2022-05-22
LOAN-001419,CUST-000972,"$7,351.82",EDUCATION,13.20,24,C,0.2051,Fully Paid,2022-07-24
LOAN-001420,CUST-000973,"$9,202.29",MEDICAL,7.90,24,A,0.1099,Fully Paid,2023-01-10
LOAN-001421,CUST-000974,"$14,180.06",EDUCATION,8.86,36,B,0.1848,Fully Paid,2022-05-06
LOAN-001422,CUST-000974,"$16,177.80",MEDICAL,9.37,24,B,0.2491,Current,2022-04-27
LOAN-001423,CUST-000975,"$8,399.02",DEBTCONSOLIDATION,11.83,36,C,0.2926,Fully Paid,2022-07-25
LOAN-001424,CUST-000975,"$11,441.86",DEBTCONSOLIDATION,11.35,12,B,0.3318,Late (31-120 days),2022-06-29
LOAN-001425,CUST-000976,"$13,202.13",MEDICAL,14.72,36,D,0.2578,Fully Paid,2023-01-27
LOAN-001426,CUST-000977,"$13,179.08",HOMEIMPROVEMENT,17.33,12,D,0.3239,Late (31-120 days),2022-08-09
LOAN-001427,CUST-000978,"$2,067.81",PERSONAL,7.49,12,A,0.1367,Current,2022-05-24
LOAN-001428,CUST-000979,"$7,742.87",VENTURE,10.39,48,B,0.2812,Fully Paid,2023-02-09
LOAN-001429,CUST-000980,"$8,524.36",MEDICAL,10.12,12,B,0.4493,Fully Paid,2022-05-26
LOAN-001430,CUST-000981,"$3,098.30",VENTURE,11.08,60,B,0.2410,Fully Paid,2023-02-08
LOAN-001431,CUST-000982,"$11,626.82",EDUCATION,13.34,60,C,0.1667,Fully Paid,2022-07-24
LOAN-001432,CUST-000982,"$3,543.44",HOMEIMPROVEMENT,14.07,60,C,0.2136,Fully Paid,2022-08-03
LOAN-001433,CUST-000983,"$14,575.21",DEBTCONSOLIDATION,16.99,36,D,0.2862,Charged Off / Default,2022-07-27
LOAN-001434,CUST-000983,"$17,784.35",PERSONAL,15.29,60,D,0.1992,Current,2022-10-26
LOAN-001435,CUST-000984,"$7,838.62",HOMEIMPROVEMENT,11.81,12,C,0.1757,Current,2022-09-29
LOAN-001436,CUST-000984,"$2,791.30",HOMEIMPROVEMENT,10.85,24,B,0.1469,Fully Paid,2022-08-13
LOAN-001437,CUST-000985,"$22,678.05",MEDICAL,10.31,60,B,0.2466,Current,2022-02-21
LOAN-001438,CUST-000986,"$2,546.81",EDUCATION,7.87,48,A,0.1451,Fully Paid,2023-04-10
LOAN-001439,CUST-000986,"$7,967.85",PERSONAL,7.58,60,A,0.2570,Fully Paid,2023-01-01
LOAN-001440,CUST-000987,"$12,789.50",HOMEIMPROVEMENT,11.36,12,B,0.6094,Fully Paid,2023-01-25
LOAN-001441,CUST-000987,"$10,959.79",VENTURE,12.70,60,C,0.2291,Current,2023-01-03
LOAN-001442,CUST-000988,"$3,735.29",MEDICAL,13.23,24,C,0.1825,Fully Paid,2022-03-07
LOAN-001443,CUST-000989,"$3,878.04",HOMEIMPROVEMENT,14.69,36,D,0.1403,Fully Paid,2022-04-18
LOAN-001444,CUST-000990,"$17,817.72",MEDICAL,10.49,36,B,0.2813,Fully Paid,2022-12-30
LOAN-001445,CUST-000991,"$32,648.87",HOMEIMPROVEMENT,12.56,36,C,0.2246,Current,2022-07-19
LOAN-001446,CUST-000992,"$11,061.26",EDUCATION,12.53,60,C,0.1584,Fully Paid,2022-05-01
LOAN-001447,CUST-000993,"$7,865.55",DEBTCONSOLIDATION,9.60,36,B,0.2067,Current,2022-09-01
LOAN-001448,CUST-000994,"$31,191.50",EDUCATION,13.06,60,C,0.1842,Late (31-120 days),2023-02-14
LOAN-001449,CUST-000994,"$20,019.33",HOMEIMPROVEMENT,13.46,12,C,0.3049,Late (31-120 days),2023-02-10
LOAN-001450,CUST-000995,"$3,591.79",MEDICAL,9.61,36,B,0.2629,Fully Paid,2022-09-11
LOAN-001451,CUST-000996,"$3,250.78",HOMEIMPROVEMENT,10.73,12,B,0.3650,Current,2022-11-21
LOAN-001452,CUST-000997,"$15,238.47",VENTURE,17.73,12,E,0.3786,Late (31-120 days),2023-02-20
LOAN-001453,CUST-000997,"$11,821.38",MEDICAL,18.04,36,E,0.1368,Fully Paid,2023-02-20
LOAN-001454,CUST-000998,"$5,288.68",HOMEIMPROVEMENT,12.89,36,C,0.3490,Current,2022-04-26
LOAN-001455,CUST-000999,"$15,459.64",VENTURE,16.75,60,D,0.3087,Charged Off / Default,2022-05-19
LOAN-001456,CUST-000999,"$4,448.43",PERSONAL,17.02,60,D,0.1910,Fully Paid,2022-05-07
LOAN-001457,CUST-001000,"$26,372.53",PERSONAL,11.42,12,B,0.5710,Current,2022-12-02